-- --------------------------------------------------------
-- Host:                         127.0.0.1
-- Versión del servidor:         10.1.32-MariaDB - mariadb.org binary distribution
-- SO del servidor:              Win32
-- HeidiSQL Versión:             9.5.0.5196
-- --------------------------------------------------------

/*!40101 SET @OLD_CHARACTER_SET_CLIENT=@@CHARACTER_SET_CLIENT */;
/*!40101 SET NAMES utf8 */;
/*!50503 SET NAMES utf8mb4 */;
/*!40014 SET @OLD_FOREIGN_KEY_CHECKS=@@FOREIGN_KEY_CHECKS, FOREIGN_KEY_CHECKS=0 */;
/*!40101 SET @OLD_SQL_MODE=@@SQL_MODE, SQL_MODE='NO_AUTO_VALUE_ON_ZERO' */;


-- Volcando estructura de base de datos para inventario_informatico
CREATE DATABASE IF NOT EXISTS `inventario_informatico` /*!40100 DEFAULT CHARACTER SET latin1 */;
USE `inventario_informatico`;

-- Volcando estructura para tabla inventario_informatico.bitacoras
CREATE TABLE IF NOT EXISTS `bitacoras` (
  `id` int(10) unsigned NOT NULL AUTO_INCREMENT,
  `id_equipo` int(10) unsigned DEFAULT NULL,
  `id_tipo_servicio` int(10) unsigned DEFAULT NULL,
  `descripcion` varchar(3000) COLLATE utf8mb4_unicode_ci DEFAULT NULL,
  `fecha` date DEFAULT NULL,
  `created_at` timestamp NULL DEFAULT CURRENT_TIMESTAMP,
  `updated_at` timestamp NULL DEFAULT CURRENT_TIMESTAMP,
  PRIMARY KEY (`id`),
  KEY `bitacoras_id_equipo_foreign` (`id_equipo`),
  KEY `bitacoras_id_tipo_servicio_foreign` (`id_tipo_servicio`),
  CONSTRAINT `bitacoras_id_equipo_foreign` FOREIGN KEY (`id_equipo`) REFERENCES `equipment` (`id`),
  CONSTRAINT `bitacoras_id_tipo_servicio_foreign` FOREIGN KEY (`id_tipo_servicio`) REFERENCES `services` (`id`)
) ENGINE=InnoDB AUTO_INCREMENT=307 DEFAULT CHARSET=utf8mb4 COLLATE=utf8mb4_unicode_ci;

-- Volcando datos para la tabla inventario_informatico.bitacoras: ~0 rows (aproximadamente)
DELETE FROM `bitacoras`;
/*!40000 ALTER TABLE `bitacoras` DISABLE KEYS */;
INSERT INTO `bitacoras` (`id`, `id_equipo`, `id_tipo_servicio`, `descripcion`, `fecha`, `created_at`, `updated_at`) VALUES
	(1, 15, 2, 'Cambio de mouse', '2016-08-25', '2018-06-27 00:27:57', '2018-06-27 00:27:57'),
	(2, 14, 2, 'Fuente dañada', '2016-08-26', '2018-06-27 00:27:57', '2018-06-27 00:27:57'),
	(3, 15, 2, 'Cambio de disco duro', '2016-08-26', '2018-06-27 00:27:57', '2018-06-27 00:27:57'),
	(4, 14, 2, 'Cambio de cable de poder por estar roto', '2016-11-18', '2018-06-27 00:27:57', '2018-06-27 00:27:57'),
	(5, 14, 2, 'Desbloqueo sistema de biopsias', '2017-06-09', '2018-06-27 00:27:57', '2018-06-27 00:27:57'),
	(6, 37, 2, 'Revisión de equipo por problemas de impresión de recetas, se verifico configuración de acceso a impresora en panel de control.y se desbloqueo usuario de sistema consulta externa', '2017-06-09', '2018-06-27 00:27:57', '2018-06-27 00:27:57'),
	(7, 39, 2, 'problemas acceso  a carpetas compartidas de archivos  de reumatología', '2017-06-09', '2018-06-27 00:27:57', '2018-06-27 00:27:57'),
	(8, 29, 2, 'desbloqueo usuario de sistema consulta externa', '2017-06-09', '2018-06-27 00:27:57', '2018-06-27 00:27:57'),
	(9, 13, 2, 'no carga correo se reviso se encontró buzón lleno', '2017-06-09', '2018-06-27 00:27:57', '2018-06-27 00:27:57'),
	(10, 25, 2, 'Problemas con teclado no lo reconoce se reviso y reinicio pc para poder detectarlo', '2017-06-09', '2018-06-27 00:27:57', '2018-06-27 00:27:57'),
	(11, 31, 2, 'problemas con mouse no lo detecta se reinicio equipo', '2017-06-09', '2018-06-27 00:27:57', '2018-06-27 00:27:57'),
	(12, 31, 4, 'no cargan sistemas se reconectó punto de red', '2017-06-09', '2018-06-27 00:27:57', '2018-06-27 00:27:57'),
	(13, 36, 1, 'problemas con agenda medica no carga se reviso acceso directo y se reinstalo', '2017-06-09', '2018-06-27 00:27:57', '2018-06-27 00:27:57'),
	(14, 34, 2, 'problemas para encender monitor, boton sumido se reviso y encendio equipo', '2017-06-09', '2018-06-27 00:27:57', '2018-06-27 00:27:57'),
	(15, 26, 2, 'problemas con monitor aparece imagen rosada se reviso y cable estaba flojo', '2017-06-09', '2018-06-27 00:27:57', '2018-06-27 00:27:57'),
	(16, 43, 1, 'problemas con usuario de sistema consulta externa no carga', '2017-06-09', '2018-06-27 00:27:57', '2018-06-27 00:27:57'),
	(17, 23, 1, 'problemas para entrar a consulta externa', '2017-06-09', '2018-06-27 00:27:57', '2018-06-27 00:27:57'),
	(18, 22, 1, 'problemas para cargar agenda medica desbloqueo contraseña', '2017-06-09', '2018-06-27 00:27:57', '2018-06-27 00:27:57'),
	(19, 44, 1, 'desbloqueo sistema consulta externa', '2017-06-09', '2018-06-27 00:27:57', '2018-06-27 00:27:57'),
	(20, 45, 2, 'problemas con sistema de consulta externa no carga, se reinstalo librerias', '2017-06-09', '2018-06-27 00:27:57', '2018-06-27 00:27:57'),
	(21, 14, 2, 'problemas con el correo institucional no carga se reparo outlook', '2017-07-06', '2018-06-27 00:27:57', '2018-06-27 00:27:57'),
	(22, 15, 2, 'no carga sistema operativo se reviso seteado de moterboardy se colocaron valores de fabrica, cargando de inmediato', '2017-07-06', '2018-06-27 00:27:57', '2018-06-27 00:27:57'),
	(23, 40, 1, 'no carga carpeta compartida de datos se desbloqueo contraseña de sistema operativo win 8 para poder acceder a datos', '2017-07-07', '2018-06-27 00:27:57', '2018-06-27 00:27:57'),
	(24, 37, 2, 'no detecta teclado, se reinicio pc', '2017-07-07', '2018-06-27 00:27:57', '2018-06-27 00:27:57'),
	(25, 41, 1, 'desbloqueo usuario de sistema de expediente electronico', '2017-07-06', '2018-06-27 00:27:57', '2018-06-27 00:27:57'),
	(26, 23, 2, 'desbloqueo usuario de sistema consulta externa', '2017-07-06', '2018-06-27 00:27:57', '2018-06-27 00:27:57'),
	(27, 34, 1, 'desbloqueo de agenda medica', '2017-07-06', '2018-06-27 00:27:57', '2018-06-27 00:27:57'),
	(28, 29, 1, 'desbloqueo usuario de sistema de consulta externa', '2017-07-06', '2018-06-27 00:27:57', '2018-06-27 00:27:57'),
	(29, 45, 2, 'problemas para poder realizar recetas en sistema de consulta externa no aparecen las de dos meses, se registraron nuevamente las transacciones', '2017-07-06', '2018-06-27 00:27:57', '2018-06-27 00:27:57'),
	(30, 43, 1, 'cambio contraseña sistema de consulta externa', '2017-07-06', '2018-06-27 00:27:57', '2018-06-27 00:27:57'),
	(31, 22, 2, 'no reconoce mouse, se reviso y estaba destrabado de cpu se reincio pc', '2017-07-06', '2018-06-27 00:27:57', '2018-06-27 00:27:57'),
	(32, 18, 1, 'desbloqueo usuario agenda medica', '2017-07-06', '2018-06-27 00:27:57', '2018-06-27 00:27:57'),
	(33, 25, 2, 'no funciona teclado, se reviso y detecto cable desconectado', '2017-07-06', '2018-06-27 00:27:57', '2018-06-27 00:27:57'),
	(34, 26, 2, 'no conecta a la red se reviso punto de red y se reponcho por estar quebrado', '2017-07-06', '2018-06-27 00:27:57', '2018-06-27 00:27:57'),
	(35, 30, 1, 'problemas de contraseña sistema de consulta externa no se puede ingresar', '2017-07-06', '2018-06-27 00:27:57', '2018-06-27 00:27:57'),
	(36, 21, 1, 'problemas con correo no se reciben ni envia, se reconfiguro regla de envio y recepcion de correo en outlook 2013', '2017-07-06', '2018-06-27 00:27:57', '2018-06-27 00:27:57'),
	(37, 220, 2, 'desbloqueo de usuario', '2017-08-09', '2018-06-27 00:27:57', '2018-06-27 00:27:57'),
	(38, 136, 2, 'revsion de pc debido a que se bloquea, se le coloco pasta al procesador', '2017-08-09', '2018-06-27 00:27:57', '2018-06-27 00:27:57'),
	(39, 176, 2, 'revision de teclado por teclas que no funcionan se reviso y detecto click trabado', '2017-08-09', '2018-06-27 00:27:57', '2018-06-27 00:27:57'),
	(40, 139, 2, 'desbloqueo usuario de agenda medica', '2017-08-09', '2018-06-27 00:27:57', '2018-06-27 00:27:57'),
	(41, 174, 2, 'revision de monitor pantalla rosada se detecto cable flojo', '2017-08-09', '2018-06-27 00:27:57', '2018-06-27 00:27:57'),
	(42, 54, 2, 'problema con acceso directo de agenda medica y web de impacto no aparecen', '2017-08-09', '2018-06-27 00:27:57', '2018-06-27 00:27:57'),
	(43, 140, 2, 'desbloqueo de agenda medica\r\n', '2017-08-09', '2018-06-27 00:27:57', '2018-06-27 00:27:57'),
	(44, 70, 2, 'revision de excel no carga datos, se reparo excel', '2017-08-09', '2018-06-27 00:27:57', '2018-06-27 00:27:57'),
	(45, 82, 2, 'desbloqueo usuario red win xp', '2017-08-09', '2018-06-27 00:27:57', '2018-06-27 00:27:57'),
	(46, 81, 2, 'no conecta equipo con correo electróonico y agenda  se reviso y detecto tarjeta de red deshabilitada se reactivo', '2017-08-21', '2018-06-27 00:27:57', '2018-06-27 00:27:57'),
	(47, 178, 1, 'problemas para generar censo por caída del sistema de consulta externa, se reviso y se ayudo a poder imprimir censo', '2017-08-21', '2018-06-27 00:27:57', '2018-06-27 00:27:57'),
	(48, 82, 2, 'pc se reinicia cuando enciende se reviso y coloco pasta la procesador', '2017-08-21', '2018-06-27 00:27:57', '2018-06-27 00:27:57'),
	(49, 173, 1, 'problemas acceso a sistema operativo usuario bloqueado en win xp, se desbloqueo', '2017-08-21', '2018-06-27 00:27:57', '2018-06-27 00:27:57'),
	(50, 14, 1, 'usuario de biopsias bloqueado se desbloqueo', '2017-08-21', '2018-06-27 00:27:57', '2018-06-27 00:27:57'),
	(51, 71, 1, 'no cargan datos de excel se reparo el office', '2017-08-21', '2018-06-27 00:27:57', '2018-06-27 00:27:57'),
	(52, 135, 2, 'no enciende cpu se reviso cable de poder y se detecto que toma corriente no tiene energia, se solicito apoyo de mantenimiento por térmico que se habia disparado.', '2017-08-21', '2018-06-27 00:27:57', '2018-06-27 00:27:57'),
	(53, 133, 1, 'desbloqueo usuario consulta externa', '2017-08-21', '2018-06-27 00:27:57', '2018-06-27 00:27:57'),
	(54, 70, 2, 'cambio de motherboard por daño en capacitores, se coloco una usada ', '2017-08-21', '2018-06-27 00:27:57', '2018-06-27 00:27:57'),
	(55, 69, 2, 'problemas con memoria rem aparece pantalla con rayas, se limpio memoria', '2017-08-21', '2018-06-27 00:27:57', '2018-06-27 00:27:57'),
	(56, 179, 2, 'problemas con video se reviso cable estaba flojo', '2017-08-21', '2018-06-27 00:27:57', '2018-06-27 00:27:57'),
	(57, 140, 2, 'problemas cpu no enciende se detecto fuente quemada se cambio por otra usada', '2017-08-21', '2018-06-27 00:27:57', '2018-06-27 00:27:57'),
	(58, 220, 2, 'solicitud de impresion de censo en sistema de consulta externa y revision de recetas ya que no aparecen las del mes de octubre', '2017-09-18', '2018-06-27 00:27:57', '2018-06-27 00:27:57'),
	(59, 136, 2, 'Revision de pc por problemas de motherboard se queda congelada, se cambio motherboard de pc hp dc 5000', '2017-09-18', '2018-06-27 00:27:57', '2018-06-27 00:27:57'),
	(60, 176, 2, 'no carga video se reviso y detecto cable de poder flojo', '2017-09-18', '2018-06-27 00:27:57', '2018-06-27 00:27:57'),
	(61, 139, 2, 'cambio de teclado por presentar daños tarjeta prinicpal del anterior', '2017-09-18', '2018-06-27 00:27:57', '2018-06-27 00:27:57'),
	(62, 112, 2, 'solicitud de apoyo para poder revisar cañon ya que no carga imagen, se reviso y detecto cable de poder y videos mal colocados', '2017-09-18', '2018-06-27 00:27:57', '2018-06-27 00:27:57'),
	(63, 179, 2, 'revision de archivo que incluye datos de Kardex en excel no activa macros se reinstalo librerias en pc de office', '2017-09-18', '2018-06-27 00:27:57', '2018-06-27 00:27:57'),
	(64, 54, 2, 'solicitud de compartir carpeta de datos con jefatura de otorrino en la cual almacena los datos de pacientes a los que entregaran aparatos auditivos', '2017-09-18', '2018-06-27 00:27:57', '2018-06-27 00:27:57'),
	(65, 140, 2, 'solicitud de revision de office y  software que mueve pedal de dictofono  ya que no permite la captura de datos, se reinstalo software', '2017-09-18', '2018-06-27 00:27:57', '2018-06-27 00:27:57'),
	(66, 178, 2, 'Revision de equipo por tener sesion activa en sistema de consulta externa', '2017-09-18', '2018-06-27 00:27:57', '2018-06-27 00:27:57'),
	(67, 173, 2, 'revision de pc por problemas de carga se reviso y detecto bateria de cmos caducada, se cambio por una bateria usada y que todavia posee voltaje adecuado', '2017-09-18', '2018-06-27 00:27:57', '2018-06-27 00:27:57'),
	(68, 69, 2, 'revision de office se traba, se reviso y reparo office', '2017-09-18', '2018-06-27 00:27:57', '2018-06-27 00:27:57'),
	(69, 66, 2, 'revision de pc por lentitud de carga de sistema operativo, se utilizo scandisk para reparar sectores dañados de disco duro', '2017-09-18', '2018-06-27 00:27:57', '2018-06-27 00:27:57'),
	(70, 210, 2, 'solicitud de  revision debido a que no carga safisss, perfil dañado, se creo un perfil nuevo en win 8.1', '2017-09-18', '2018-06-27 00:27:57', '2018-06-27 00:27:57'),
	(71, 88, 2, 'revision de teclado no carga pc se detecto cable serial desconectado', '2017-09-18', '2018-06-27 00:27:57', '2018-06-27 00:27:57'),
	(72, 86, 2, 'instalacion y explicaion sobre uso de sistema medicamento domiciliar', '2017-09-18', '2018-06-27 00:27:57', '2018-06-27 00:27:57'),
	(73, 180, 2, 'revision de acceso a sistema de medicamento domiciliar ', '2017-09-18', '2018-06-27 00:27:57', '2018-06-27 00:27:57'),
	(74, 192, 2, 'revision de equipo informatico por problemas de lentitud y carga de safisss, se reviso y deferagmento pc', '2017-09-18', '2018-06-27 00:27:57', '2018-06-27 00:27:57'),
	(75, 193, 2, 'respaldo de datos de pc por problemas con disco duro dañado', '2017-09-18', '2018-06-27 00:27:57', '2018-06-27 00:27:57'),
	(76, 218, 2, 'desbloqueo de usuario de sistema de consulta externa', '2017-09-18', '2018-06-27 00:27:57', '2018-06-27 00:27:57'),
	(77, 221, 2, 'solicitud cambio de toner y revision del impresor por atasco de papel ', '2017-09-18', '2018-06-27 00:27:57', '2018-06-27 00:27:57'),
	(78, 66, 2, 'problemas con acceso a red, se reviso y detecto cable de red desconectado', '2017-09-20', '2018-06-27 00:27:57', '2018-06-27 00:27:57'),
	(79, 15, 2, 'pc no enciende, se reviso y detecto cable de poder dañado se cambio', '2017-09-20', '2018-06-27 00:27:57', '2018-06-27 00:27:57'),
	(80, 142, 1, 'se actualizo office las librerias debido a archivo que contiene macros', '2017-09-20', '2018-06-27 00:27:57', '2018-06-27 00:27:57'),
	(81, 215, 2, 'solicitud de apoyo con sistema de medicamento domiciliar no encuentra acceso directio', '2017-09-20', '2018-06-27 00:27:57', '2018-06-27 00:27:57'),
	(82, 211, 2, 'no carga safisss se reparo perfil de usuario en win 8.1\r\n', '2017-09-20', '2018-06-27 00:27:57', '2018-06-27 00:27:57'),
	(83, 207, 2, 'se desbloqueo usuario win 8.1', '2017-09-20', '2018-06-27 00:27:57', '2018-06-27 00:27:57'),
	(84, 205, 2, 'monitor no apaga se reviso y deblouqeo apagado de monitor en pantalla', '2017-09-20', '2018-06-27 00:27:57', '2018-06-27 00:27:57'),
	(85, 206, 2, 'boton monitor sumido se reviso y se ajusto utilizando una el boton del monitor', '2017-09-20', '2018-06-27 00:27:57', '2018-06-27 00:27:57'),
	(86, 203, 2, 'teclado se traban teclas se reviso y detecto click', '2017-09-20', '2018-06-27 00:27:57', '2018-06-27 00:27:57'),
	(87, 201, 2, 'monitor se ve rosado, se reviso cable de video y estaba flojo', '2017-09-20', '2018-06-27 00:27:57', '2018-06-27 00:27:57'),
	(88, 202, 2, 'problemas con mouse se apaga, se reviso y cable estaba flojo', '2017-09-20', '2018-06-27 00:27:57', '2018-06-27 00:27:57'),
	(89, 182, 2, 'desbloqueo usuario agenda medica', '2017-09-20', '2018-06-27 00:27:57', '2018-06-27 00:27:57'),
	(90, 177, 2, 'revision acceso a sistema de medicamento domiciliar', '2017-09-20', '2018-06-27 00:27:57', '2018-06-27 00:27:57'),
	(91, 174, 2, 'problema con monitor no enciende se ajusto cable', '2017-09-20', '2018-06-27 00:27:57', '2018-06-27 00:27:57'),
	(92, 169, 2, 'problemas con usuario de sistema consulta externa se desbloqueo ', '2017-09-20', '2018-06-27 00:27:57', '2018-06-27 00:27:57'),
	(93, 142, 1, 'problemas con correo institucional buzon lleno', '2017-09-22', '2018-06-27 00:27:57', '2018-06-27 00:27:57'),
	(94, 222, 2, 'problemas conectar a la red se reviso tarjeta de red y se  configuro en seteado', '2017-09-22', '2018-06-27 00:27:57', '2018-06-27 00:27:57'),
	(95, 220, 1, 'solicitud de apoyo con sistema de consulta externa problemas para generar recetas de paciente atendido', '2017-09-25', '2018-06-27 00:27:57', '2018-06-27 00:27:57'),
	(96, 216, 1, 'problemas para poder ingresar agenda medica centralizada, se reviso y detecto firefox dañado, se reparo', '2017-09-22', '2018-06-27 00:27:57', '2018-06-27 00:27:57'),
	(97, 215, 2, 'solicitud de apoyo para revision de mouse, ya que no enciende led, se reviso y detecto mouse dañado se cambio', '2017-09-22', '2018-06-27 00:27:57', '2018-06-27 00:27:57'),
	(98, 203, 2, 'revision monitor no se puede apagar, se desbloqueo apagado de monitor', '2017-09-22', '2018-06-27 00:27:57', '2018-06-27 00:27:57'),
	(99, 200, 2, 'desbloqueo de monitor para poderlo apagar', '2017-09-22', '2018-06-27 00:27:57', '2018-06-27 00:27:57'),
	(100, 182, 2, 'actualización de google chrome para uso de medicamento domiciliar en pc y de acrobat 12', '2017-09-22', '2018-06-27 00:27:57', '2018-06-27 00:27:57'),
	(101, 171, 1, 'cambio contraseña sistema agenda medica centralizado', '2017-09-22', '2018-06-27 00:27:57', '2018-06-27 00:27:57'),
	(102, 168, 1, 'solicitud de ayuda sistema consulta externa para verificar donde se encuentrann ubicadas las referencias en el sistema y su correcto uso', '2017-09-22', '2018-06-27 00:27:57', '2018-06-27 00:27:57'),
	(103, 154, 1, 'solicitud de cambio de contraseña de usuario de consulta externa por olvido de la misma', '2017-09-22', '2018-06-27 00:27:57', '2018-06-27 00:27:57'),
	(104, 147, 1, 'solicitud de cambio de contraseña de sistema de agenda medica', '2017-09-22', '2018-06-27 00:27:57', '2018-06-27 00:27:57'),
	(105, 140, 2, 'revision de configuración de pedal en pc de transcripcion de rx', '2017-09-25', '2018-06-27 00:27:57', '2018-06-27 00:27:57'),
	(106, 129, 1, 'Desbloqueo usuario sistema de emergencia', '2017-09-22', '2018-06-27 00:27:57', '2018-06-27 00:27:57'),
	(107, 128, 4, 'revision de equipo por problemas conexion a red se reponcho punto de red', '2017-09-22', '2018-06-27 00:27:57', '2018-06-27 00:27:57'),
	(108, 176, 1, 'impresor', '2017-09-27', '2018-06-27 00:27:57', '2018-06-27 00:27:57'),
	(109, 70, 4, 'problemas para conectar a red se reinico pc y reviso configuracion de seteado de motherboard', '2017-09-28', '2018-06-27 00:27:57', '2018-06-27 00:27:57'),
	(110, 176, 2, 'problemas para encender pc con alerta se reviso y limpio memoria ram', '2017-09-28', '2018-06-27 00:27:57', '2018-06-27 00:27:57'),
	(111, 284, 2, 'traslado de equipo de ubicaion y conexion a red debido a remodelacion de clinica', '2017-10-09', '2018-06-27 00:27:57', '2018-06-27 00:27:57'),
	(112, 274, 6, 'colocacion y conexion cañon de poyeccion', '2017-10-09', '2018-06-27 00:27:57', '2018-06-27 00:27:57'),
	(113, 266, 2, 'papel atascado en engrane de traccion se indico como colocar papel continuo', '2017-10-09', '2018-06-27 00:27:57', '2018-06-27 00:27:57'),
	(114, 249, 2, 'problemas con cinta enredada en cabezal se desarmo cabezal', '2017-10-09', '2018-06-27 00:27:57', '2018-06-27 00:27:57'),
	(115, 249, 2, 'impresor no pinta y cinta esta nueva, se ajusto intensidad de color con palanquita de impresor, se explico a usuario como hacerlo', '2017-10-09', '2018-06-27 00:27:57', '2018-06-27 00:27:57'),
	(116, 225, 2, 'revision de impresor no enciende, se reviso y detecto fusible quemado se cambio', '2017-10-09', '2018-06-27 00:27:57', '2018-06-27 00:27:57'),
	(117, 178, 1, 'desbloqueo usuario de consulta externa e impresion de censo', '2017-10-09', '2018-06-27 00:27:57', '2018-06-27 00:27:57'),
	(118, 82, 1, 'insstalacion de sistema de medicamento domiciliar', '2017-10-09', '2018-06-27 00:27:57', '2018-06-27 00:27:57'),
	(119, 140, 2, 'pc no enciende se quemo fuente, se reviso y se coloco otro usada', '2017-10-09', '2018-06-27 00:27:57', '2018-06-27 00:27:57'),
	(120, 262, 2, 'revision impresor no imprime, se detecto papel carbon pegado en censor de papel', '2017-10-09', '2018-06-27 00:27:57', '2018-06-27 00:27:57'),
	(121, 149, 1, 'solicitud de generacion de recetas y expediente de paciente que se atendio recientemente, ya que no se logro imprimir toda la informacion ', '2017-10-09', '2018-06-27 00:27:57', '2018-06-27 00:27:57'),
	(122, 176, 2, 'solicitud de desbloqueo de usuaio de agenda medica', '2017-10-09', '2018-06-27 00:27:57', '2018-06-27 00:27:57'),
	(123, 220, 1, 'desbloqueo de agenda medica', '2017-10-09', '2018-06-27 00:27:57', '2018-06-27 00:27:57'),
	(124, 139, 1, 'desbloqueo de agenda medica', '2017-10-09', '2018-06-27 00:27:57', '2018-06-27 00:27:57'),
	(125, 142, 1, 'desbloqueo usuario de red win 8.1', '2017-10-09', '2018-06-27 00:27:57', '2018-06-27 00:27:57'),
	(126, 70, 1, 'desbloqueo de usuario de agenda medica', '2017-10-09', '2018-06-27 00:27:57', '2018-06-27 00:27:57'),
	(127, 85, 1, 'desbloqueo de sistema de biosias', '2017-10-09', '2018-06-27 00:27:57', '2018-06-27 00:27:57'),
	(128, 83, 1, 'cambio de perfil en agenda medica y desbloqueo de usuario de sistema de biopsias', '2017-10-09', '2018-06-27 00:27:57', '2018-06-27 00:27:57'),
	(129, 84, 1, 'desbloqueo usuario agenda medica', '2017-10-09', '2018-06-27 00:27:57', '2018-06-27 00:27:57'),
	(130, 69, 1, 'desbloqueo de sistema operativo win xp ya que personal estaba incapacitado', '2017-10-09', '2018-06-27 00:27:57', '2018-06-27 00:27:57'),
	(131, 186, 1, 'desbloqueo de usuario inico de sesion win 7', '2017-10-09', '2018-06-27 00:27:57', '2018-06-27 00:27:57'),
	(132, 246, 2, 'atasco de papel en rodillo principal', '2017-10-10', '2018-06-27 00:27:57', '2018-06-27 00:27:57'),
	(133, 245, 2, 'revision de impresor alarmado se detecto trozo de papel periodico en el interior se limpio y funciona sin problemas', '2017-10-10', '2018-06-27 00:27:57', '2018-06-27 00:27:57'),
	(134, 222, 1, 'desbloqueo de inicio de sesion de win xp', '2017-10-10', '2018-06-27 00:27:57', '2018-06-27 00:27:57'),
	(135, 268, 2, 'se cambio toner ya que no imprime por estar casi vacio', '2017-10-10', '2018-06-27 00:27:57', '2018-06-27 00:27:57'),
	(136, 71, 2, 'no arranca equipo se reviso y se reinicio se encontro cucarachas en el i nterior de la misma, se limpio y equipo funciona sin problemas', '2017-10-10', '2018-06-27 00:27:57', '2018-06-27 00:27:57'),
	(137, 81, 1, 'desbloqueo de agenda medica', '2017-10-10', '2018-06-27 00:27:57', '2018-06-27 00:27:57'),
	(138, 173, 2, 'revision de impresor imprime con somrbra y palido se encontro hoja de papel periodico trabada en el interior', '2017-10-10', '2018-06-27 00:27:57', '2018-06-27 00:27:57'),
	(139, 220, 1, 'desbloqueo de sistema de consulta externa e impresion de censo', '2017-10-10', '2018-06-27 00:27:57', '2018-06-27 00:27:57'),
	(140, 102, 1, 'desbloqueo de sistema de consulta externa e impresion de censo, ultima consulta de paciente atendido', '2017-10-10', '2018-06-27 00:27:57', '2018-06-27 00:27:57'),
	(141, 44, 1, 'solicitud de se indique como se realiza la utilizacion de hoja de examenes de Rx y referencias en el sistema de consulta externa', '2017-10-10', '2018-06-27 00:27:57', '2018-06-27 00:27:57'),
	(142, 90, 1, 'solicitud de ayuda con la creacion e impresion de recetas en sistema safisss de consulta externa', '2017-10-10', '2018-06-27 00:27:57', '2018-06-27 00:27:57'),
	(143, 76, 5, 'solicitud de revision de pc por virus que daña memorias usb, se limpio y se actualizo antivirus', '2017-10-10', '2018-06-27 00:27:57', '2018-06-27 00:27:57'),
	(144, 101, 1, 'solicitud de apoyo en la impresion de recetas debido a que solo imprime la de dos meses en el sistema de consulta externa', '2017-10-10', '2018-06-27 00:27:57', '2018-06-27 00:27:57'),
	(145, 105, 1, 'desbloqueo sistema de agenda medica y revision de acceso de web de impacto', '2017-10-10', '2018-06-27 00:27:57', '2018-06-27 00:27:57'),
	(146, 15, 2, 'revision de pc no arranca se reviso y detecto problemas con toma de energia se indico cambio de toma de conexion a  ups ', '2017-10-10', '2018-06-27 00:27:57', '2018-06-27 00:27:57'),
	(147, 34, 1, 'solicitud de apoyo con el acceso a sistema de consulta externa usuario se encuentra bloqueado', '2017-10-10', '2018-06-27 00:27:57', '2018-06-27 00:27:57'),
	(148, 51, 2, 'problemas con teclado no lo detecta solo se reinicio equipo, debido a que cuando realizaron limpieza destrabaron cable de teclado ', '2017-10-10', '2018-06-27 00:27:57', '2018-06-27 00:27:57'),
	(149, 96, 1, 'desbloqueo de usuario de sistema de consulta externa', '2017-10-10', '2018-06-27 00:27:57', '2018-06-27 00:27:57'),
	(150, 231, 2, 'impresor se termino toner se solicito revisar impresor por atasco de papel y apoyo para cambio del toner', '2017-10-10', '2018-06-27 00:27:57', '2018-06-27 00:27:57'),
	(151, 88, 1, 'desbloqueo de usuario de enfermeria para consulta externa preparacion de pacientes', '2017-10-10', '2018-06-27 00:27:57', '2018-06-27 00:27:57'),
	(152, 136, 2, 'problemas con equipo se bloquea, se reviso y detecto capacitores con derrame de liquido, se cambio mother dañada por otra que se nos proporciono de Hospital General de una Hp dc 5000', '2017-10-19', '2018-06-27 00:27:57', '2018-06-27 00:27:57'),
	(153, 176, 1, 'reinstalacion de office por problemas con los archivos y librerias dañadas', '2017-10-19', '2018-06-27 00:27:57', '2018-06-27 00:27:57'),
	(154, 139, 1, 'instalacion de sistema de kardex en excel', '2017-10-19', '2018-06-27 00:27:57', '2018-06-27 00:27:57'),
	(155, 54, 1, 'problemas con mouse se daño cable usb, se realizo cambio de mouse', '2017-10-19', '2018-06-27 00:27:57', '2018-06-27 00:27:57'),
	(156, 141, 2, 'problemas con pc se daño fuente nuevamente, se cambio por otra usada proporcionada por Hospital General esta es la tercera fuente que se cambia se indico que hagan nota a mantenimientg para revisión de toma a ups', '2017-10-19', '2018-06-27 00:27:57', '2018-06-27 00:27:57'),
	(157, 129, 2, 'solicitud de traslado de punto de red de equipo informático por reubicación de silla oftalmologíca, tiempo estimado 10 minutos duración cambio punto red.\r\n\r\n\r\nAtte ', '2017-10-19', '2018-06-27 00:27:57', '2018-06-27 00:27:57'),
	(158, 188, 2, 'solicitud de revisión de enlace de red, debido a que aparece desconectada, se verifico y detecto conector rj45 quebrado, se reponcho conector ', '2017-10-19', '2018-06-27 00:27:57', '2018-06-27 00:27:57'),
	(159, 90, 2, 'monitor no enciende se reviso cable de poder y se detecto que estaba flojo', '2017-10-19', '2018-06-27 00:27:57', '2018-06-27 00:27:57'),
	(160, 95, 2, 'cpu enciende pero no carga sistema operativo, se reviso y se encontro boton encendido de cpu sumido, se volvio a reiniciar equipo', '2017-10-19', '2018-06-27 00:27:57', '2018-06-27 00:27:57'),
	(161, 269, 2, 'se traba el papel se reviso y se cambiaron hules de toma de tracción de papel', '2017-10-19', '2018-06-27 00:27:57', '2018-06-27 00:27:57'),
	(162, 266, 2, 'panel de control alarmado, se reviso y detecto hule enredado en engrane de impresor', '2017-10-19', '2018-06-27 00:27:57', '2018-06-27 00:27:57'),
	(163, 67, 2, 'problemas con teclado no lo detecta, se reviso equipo y se detecto puerto usb dañado, por lo que se cambio el conector a otro l puerto usb de la pc', '2017-10-19', '2018-06-27 00:27:57', '2018-06-27 00:27:57'),
	(164, 178, 2, 'pc presenta rayas al encender, se reviso y detecto memoria dañada, se realizo cambio de memoria Ram', '2017-10-19', '2018-06-27 00:27:57', '2018-06-27 00:27:57'),
	(165, 71, 2, 'solicitud d  traslado de punto de red debido a que se traslado a otra área de la administración, tiempo estimado media hora  cableado fue terminado ', '2017-10-19', '2018-06-27 00:27:57', '2018-06-27 00:27:57'),
	(166, 78, 5, 'revisión de equipo y memorias usb por virus, se detecto Recycler se limpiaron los dispositivos', '2017-10-19', '2018-06-27 00:27:57', '2018-06-27 00:27:57'),
	(167, 65, 2, 'solicitud de apoyo video apareció invertido o al revés, en pantalla se indico como girarlo a su posición normal usando ctrl+alt y flechitas de teclado ', '2017-10-19', '2018-06-27 00:27:57', '2018-06-27 00:27:57'),
	(168, 136, 1, 'Desbloqueo de usuario de inicio de sesion de Win XP', '2018-01-04', '2018-06-27 00:27:57', '2018-06-27 00:27:57'),
	(169, 176, 1, 'Desbloqueo de usuario de Win XP', '2018-01-04', '2018-06-27 00:27:57', '2018-06-27 00:27:57'),
	(170, 133, 2, 'Cambio de contraseña para inicio de usuario en Win 7', '2018-01-04', '2018-06-27 00:27:57', '2018-06-27 00:27:57'),
	(171, 139, 1, 'Cambio de inicio de sesion de usuario Win XP', '2018-01-04', '2018-06-27 00:27:57', '2018-06-27 00:27:57'),
	(172, 174, 1, 'Desbloqueo usuario de sistema de consulta externa', '2018-01-04', '2018-06-27 00:27:57', '2018-06-27 00:27:57'),
	(173, 179, 1, 'Desbloqueo de sistema de agenda medica', '2018-01-04', '2018-06-27 00:27:57', '2018-06-27 00:27:57'),
	(174, 81, 1, 'Desbloqueo de usuario de inicio de sistema Win XP', '2018-01-04', '2018-06-27 00:27:57', '2018-06-27 00:27:57'),
	(175, 54, 1, 'Cambio de contraseña para usuario de Win XP', '2018-01-04', '2018-06-27 00:27:57', '2018-06-27 00:27:57'),
	(176, 141, 1, 'Cambio de usuario de sistema de agenda medica', '2018-01-04', '2018-06-27 00:27:57', '2018-06-27 00:27:57'),
	(177, 140, 1, 'Cambio de contraseña de usuario de agenda sistematizada', '2018-01-04', '2018-06-27 00:27:57', '2018-06-27 00:27:57'),
	(178, 84, 1, 'Revision de correo institucional por buzón lleno', '2018-01-04', '2018-06-27 00:27:57', '2018-06-27 00:27:57'),
	(179, 142, 1, 'Desbloqueo de usuario sistema opertivo Win 8', '2018-01-04', '2018-06-27 00:27:57', '2018-06-27 00:27:57'),
	(180, 82, 1, 'Desbloqueo de usuario de agenda medica', '2018-01-04', '2018-06-27 00:27:57', '2018-06-27 00:27:57'),
	(181, 178, 1, 'Restablecer usuario de sistema de agenda medica ', '2018-01-04', '2018-06-27 00:27:57', '2018-06-27 00:27:57'),
	(182, 85, 2, 'Restablecer contraseña de inicio de sesión de usuario', '2018-01-04', '2018-06-27 00:27:57', '2018-06-27 00:27:57'),
	(183, 14, 1, 'Desbloqueo usuario de sistema de biopsia', '2018-01-04', '2018-06-27 00:27:57', '2018-06-27 00:27:57'),
	(184, 83, 1, 'Desbloqueo de usuario de sistema sistema opertivo Win 8', '2018-01-04', '2018-06-27 00:27:57', '2018-06-27 00:27:57'),
	(185, 71, 2, 'Desbloqueo de usuario de agenda medica ', '2018-01-04', '2018-06-27 00:27:57', '2018-06-27 00:27:57'),
	(186, 69, 1, 'Desbloqueo de agenda medica ', '2018-01-04', '2018-06-27 00:27:57', '2018-06-27 00:27:57'),
	(187, 67, 2, 'Reubicacion de equipo informatico y colocacion de cable de red', '2018-01-04', '2018-06-27 00:27:57', '2018-06-27 00:27:57'),
	(188, 22, 2, 'cambio de cable de red por estar quebrado conector rj45', '2018-01-08', '2018-06-27 00:27:57', '2018-06-27 00:27:57'),
	(189, 175, 1, 'desbloqueo usuario agenda y cambio contraseña', '2018-01-08', '2018-06-27 00:27:57', '2018-06-27 00:27:57'),
	(190, 167, 1, 'se copio acceso directo de consulta externa y se coloco acceso debloqueo safisss, debido a que estaba borrado', '2018-01-08', '2018-06-27 00:27:57', '2018-06-27 00:27:57'),
	(191, 141, 1, 'desbloqueo usuario agenda medica centralizada', '2018-01-09', '2018-06-27 00:27:57', '2018-06-27 00:27:57'),
	(192, 176, 1, 'desbloqueo usuario sistema operativo win xp', '2018-01-09', '2018-06-27 00:27:57', '2018-06-27 00:27:57'),
	(193, 174, 2, 'cambio de cable de red por estar dañado', '2018-01-09', '2018-06-27 00:27:57', '2018-06-27 00:27:57'),
	(194, 54, 1, 'creacion de usuario  para uso equipo informatico con win xp por traslado de area de trabajo en almacen', '2018-01-09', '2018-06-27 00:27:57', '2018-06-27 00:27:57'),
	(195, 222, 2, 'problemas por actualizacion de antivirus se incremento memoria Ram', '2018-01-09', '2018-06-27 00:27:57', '2018-06-27 00:27:57'),
	(196, 173, 1, 'desbloqueo agenda medica', '2018-01-09', '2018-06-27 00:27:57', '2018-06-27 00:27:57'),
	(197, 135, 1, 'desbloqueo de usuario sistema operativo win xp', '2018-01-09', '2018-06-27 00:27:57', '2018-06-27 00:27:57'),
	(198, 71, 1, 'desbloqueo de usuario de agenda medica', '2018-01-09', '2018-06-27 00:27:57', '2018-06-27 00:27:57'),
	(199, 83, 1, 'problemas con agenda medica se desbloqueo manual', '2018-01-09', '2018-06-27 00:27:57', '2018-06-27 00:27:57'),
	(200, 151, 1, 'desbloqueo usuario usuario sistema consulta externa', '2018-01-09', '2018-06-27 00:27:57', '2018-06-27 00:27:57'),
	(201, 148, 1, 'desbloqueo usuario de sistema operativo win 8', '2018-01-09', '2018-06-27 00:27:57', '2018-06-27 00:27:57'),
	(202, 252, 2, 'cambio de cable de red por estar dañado', '2018-01-09', '2018-06-27 00:27:57', '2018-06-27 00:27:57'),
	(203, 29, 2, 'cambio de cable de poder por estar cortado no enciende cpu', '2018-01-09', '2018-06-27 00:27:57', '2018-06-27 00:27:57'),
	(204, 76, 1, 'desbloqueo de inicio de sesion win 8', '2018-01-09', '2018-06-27 00:27:57', '2018-06-27 00:27:57'),
	(205, 161, 1, 'desbloqueo usuario sistema consulta externa', '2018-01-09', '2018-06-27 00:27:57', '2018-06-27 00:27:57'),
	(206, 265, 2, 'problemas impresor atasco papel', '2018-01-09', '2018-06-27 00:27:57', '2018-06-27 00:27:57'),
	(207, 227, 1, 'desbloqueo usuario de win 8 y carpetas compartidas, traslado de ubicacion de pc', '2018-01-09', '2018-06-27 00:27:57', '2018-06-27 00:27:57'),
	(208, 237, 2, 'problemas con cinta de impresor enredada en cabezal se cambio', '2018-01-09', '2018-06-27 00:27:57', '2018-06-27 00:27:57'),
	(209, 266, 2, 'problemas con impresor se traba se reviso y detecto un hule enredado en engrane', '2018-01-09', '2018-06-27 00:27:57', '2018-06-27 00:27:57'),
	(210, 232, 1, 'revision correo buzon lleno en office 2013', '2018-01-09', '2018-06-27 00:27:57', '2018-06-27 00:27:57'),
	(211, 276, 2, 'revision de impresor por problemas de mancha en hojas se reviso y detecto problemas con toner dañado se solcito cambio', '2018-01-09', '2018-06-27 00:27:57', '2018-06-27 00:27:57'),
	(212, 231, 5, 'cambio de contraseña sistema de consulta externa', '2018-01-09', '2018-06-27 00:27:57', '2018-06-27 00:27:57'),
	(213, 229, 2, 'revision de impresor por problemas de que se traba al imprimir se detecto click engrane', '2018-01-09', '2018-06-27 00:27:57', '2018-06-27 00:27:57'),
	(214, 142, 2, 'problemas con monitor no enciende se reviso y detecto boton de encendido sumido, se desarmo y ajusto boton', '2018-01-16', '2018-06-27 00:27:57', '2018-06-27 00:27:57'),
	(215, 173, 2, 'computadora presenta rallas en video cuando se enciende, se reviso y limpio memoria ram', '2018-01-16', '2018-06-27 00:27:57', '2018-06-27 00:27:57'),
	(216, 54, 1, 'revision de correo institucional y apoyo en crear firma digital ', '2018-01-16', '2018-06-27 00:27:57', '2018-06-27 00:27:57'),
	(217, 135, 2, 'pc se reinicia cuando calienta se reviso y se coloco pasta a procesador ', '2018-01-16', '2018-06-27 00:27:57', '2018-06-27 00:27:57'),
	(218, 136, 1, 'problemas con correos enviados se mantienen en buzon se limpio correo y reconfiguro reglas', '2018-01-16', '2018-06-27 00:27:57', '2018-06-27 00:27:57'),
	(219, 140, 2, 'se reinicia equipo se reviso procesador y se coloco pasta termica', '2018-01-16', '2018-06-27 00:27:57', '2018-06-27 00:27:57'),
	(220, 82, 2, 'se reinicia equipo se reviso memoria ram y se detecto un dim dañado, se cambio', '2018-01-16', '2018-06-27 00:27:57', '2018-06-27 00:27:57'),
	(221, 71, 2, 'se reviso monitor por problemas de imagen o video, se ajusto cable de vifdeo', '2018-01-16', '2018-06-27 00:27:57', '2018-06-27 00:27:57'),
	(222, 135, 1, 'se reviso correo institucional debido a que no salen de bandeja', '2018-01-16', '2018-06-27 00:27:57', '2018-06-27 00:27:57'),
	(223, 65, 1, 'revision acceso a pat para impresion de historico', '2018-01-16', '2018-06-27 00:27:57', '2018-06-27 00:27:57'),
	(224, 172, 1, 'cambio contraseña sistema de consulta externa', '2018-01-16', '2018-06-27 00:27:57', '2018-06-27 00:27:57'),
	(225, 167, 1, 'desbloqueo usuario de sistema de consulta externa', '2018-01-16', '2018-06-27 00:27:57', '2018-06-27 00:27:57'),
	(226, 263, 2, 'papel atascado en impresor se quito trozos de papel', '2018-01-16', '2018-06-27 00:27:57', '2018-06-27 00:27:57'),
	(227, 269, 2, 'solicitud de revision de toner en clinica para impresion de expediente electronico ', '2018-01-16', '2018-06-27 00:27:57', '2018-06-27 00:27:57'),
	(228, 284, 2, 'revision de impresor por atasco de papel y cinta cortada', '2018-01-16', '2018-06-27 00:27:57', '2018-06-27 00:27:57'),
	(229, 274, 2, 'solicitud de aoyo con la colocacion y conexion de cañon de proyeccion', '2018-01-16', '2018-06-27 00:27:57', '2018-06-27 00:27:57'),
	(230, 266, 2, 'revision de impresor por cortes en impresion se reviso cabezazl y detecto particulas de mota en el mismo, se limpio cabezal', '2018-01-16', '2018-06-27 00:27:57', '2018-06-27 00:27:57'),
	(231, 250, 2, 'revision de impresor por problemas de alarma se reviso y detecto trozo de hule enredado en rodillo del impresor ', '2018-01-16', '2018-06-27 00:27:57', '2018-06-27 00:27:57'),
	(232, 271, 2, 'revision de impresor no detecta el papel se reviso rodillo de traccion de papel y se limpio, se realizaron pruebas y quedo funcionando regualarmente', '2018-01-16', '2018-06-27 00:27:57', '2018-06-27 00:27:57'),
	(233, 225, 2, 'revision de impresor por  problemas con las citas imprime una y luego se traba, se reviso cabezal, rodillo y se engraso', '2018-01-16', '2018-06-27 00:27:57', '2018-06-27 00:27:57'),
	(234, 157, 2, 'monitor no enciende, se reviso y boton de cpu no se habia presionado adecuadamente generando falso encendido en equipó', '2018-01-16', '2018-06-27 00:27:57', '2018-06-27 00:27:57'),
	(235, 279, 2, 'problemas con impresor se queda trabada hojas, se quito los trozos de papel', '2018-01-16', '2018-06-27 00:27:57', '2018-06-27 00:27:57'),
	(236, 220, 1, 'Desbloqueo de agenda medica ', '2018-01-31', '2018-06-27 00:27:57', '2018-06-27 00:27:57'),
	(237, 136, 2, 'se cambio memoria Ram y procesador por problemas de componentes dañados', '2018-01-31', '2018-06-27 00:27:57', '2018-06-27 00:27:57'),
	(238, 176, 2, 'problemas teclado no lo reconoce, se reviso y detecto cable ps2 desconectado', '2018-01-31', '2018-06-27 00:27:57', '2018-06-27 00:27:57'),
	(239, 133, 1, 'desbloqueo de usuario consulta externa y correo institucional', '2018-01-31', '2018-06-27 00:27:57', '2018-06-27 00:27:57'),
	(240, 174, 2, 'cambio de motehrboard por daño en la misma repuesto usado  proporcionado en Hospital General', '2018-01-31', '2018-06-27 00:27:57', '2018-06-27 00:27:57'),
	(241, 112, 2, 'revision de mouse no lo detecta se reinicio el equipo y funciono', '2018-01-31', '2018-06-27 00:27:57', '2018-06-27 00:27:57'),
	(242, 81, 1, 'revision de pc por problemas conexion a red', '2018-01-31', '2018-06-27 00:27:57', '2018-06-27 00:27:57'),
	(243, 141, 2, 'problemas de carga se reinica equipo, se detecto disco duro dañado, se cambio disco duro de otra pc descartada del mismo tipo y quedo funcionando', '2018-01-31', '2018-06-27 00:27:57', '2018-06-27 00:27:57'),
	(244, 222, 2, 'problemas de carga de equipo aparecen rayas en monitor se reviso y cambio memoria ram', '2018-01-31', '2018-06-27 00:27:57', '2018-06-27 00:27:57'),
	(245, 70, 2, 'problemas con monitor no enciende, se reviso y cable de poder estaba flojo', '2018-01-31', '2018-06-27 00:27:57', '2018-06-27 00:27:57'),
	(246, 175, 1, 'desbloqueo agenda medica', '2018-01-31', '2018-06-27 00:27:57', '2018-06-27 00:27:57'),
	(247, 178, 1, 'desbloqueo inicio de sesion de win xp', '2018-01-31', '2018-06-27 00:27:58', '2018-06-27 00:27:58'),
	(248, 135, 1, 'revision de correo institucional buzon lleno', '2018-01-31', '2018-06-27 00:27:58', '2018-06-27 00:27:58'),
	(249, 14, 1, 'solicitud de apoyo con office no carga se reparo', '2018-01-31', '2018-06-27 00:27:58', '2018-06-27 00:27:58'),
	(250, 135, 1, 'revision de pc se queda congelada, se reinicio y defragmento disco duro', '2018-01-31', '2018-06-27 00:27:58', '2018-06-27 00:27:58'),
	(251, 71, 1, 'desbloqueo agenda medica', '2018-01-31', '2018-06-27 00:27:58', '2018-06-27 00:27:58'),
	(252, 69, 2, 'cambio de contraseña inicio sesion win xp y desbloqueo agenda medica', '2018-01-31', '2018-06-27 00:27:58', '2018-06-27 00:27:58'),
	(253, 68, 1, 'solicitud traslado de  equipo de area y reinstalacion sistema de interinos', '2018-01-31', '2018-06-27 00:27:58', '2018-06-27 00:27:58'),
	(254, 214, 1, 'desbloqueo de usuario sistema operativo win 7', '2018-01-31', '2018-06-27 00:27:58', '2018-06-27 00:27:58'),
	(255, 117, 1, 'desbloqueo sistema consulta externa', '2018-01-31', '2018-06-27 00:27:58', '2018-06-27 00:27:58'),
	(256, 231, 2, 'solicitud de cambio de toner', '2018-01-31', '2018-06-27 00:27:58', '2018-06-27 00:27:58'),
	(257, 103, 1, 'desbloqueo usuario consulta externa', '2018-01-31', '2018-06-27 00:27:58', '2018-06-27 00:27:58'),
	(258, 257, 2, 'cinta dañada por cabezal se desarmo cabezal y se cambio cinta debido a que estaba atascada y rota', '2018-01-31', '2018-06-27 00:27:58', '2018-06-27 00:27:58'),
	(259, 220, 2, 'problemas con motherboard se desoldo capacitores y resoldaron de otra mother dañada debido a que estaban dañados ', '2018-03-12', '2018-06-27 00:27:58', '2018-06-27 00:27:58'),
	(260, 136, 2, 'se uso pistola de calor para poder recalentar tarjeta de video, se cambio procesador, debido a que pc no genera imagen, funciona con problemas en bancos de memoria, pc lenta', '2018-03-12', '2018-06-27 00:27:58', '2018-06-27 00:27:58'),
	(261, 176, 2, 'se reviso dim de memoria se encontró dañado el slot secundario debido a que la mother es antigua, se procedió a colocar memoria en otro banco de memoria equipo carga pero presenta dificultades de rendimiento por daño en capacitores', '2018-03-12', '2018-06-27 00:27:58', '2018-06-27 00:27:58'),
	(262, 133, 2, 'problemas para carga, se cambio procesador y ventilador principal, capacitores presentan problemas se encuentran soplados', '2018-03-13', '2018-06-27 00:27:58', '2018-06-27 00:27:58'),
	(263, 174, 2, 'pc se traba se reviso y detecto problemas motherboard, se cambio procesado y memoria ram, pero siempre presenta dificultades de carga funciona lenta', '2018-03-12', '2018-06-27 00:27:58', '2018-06-27 00:27:58'),
	(264, 222, 1, 'desbloqueo inicio de sesión de win xp', '2018-03-12', '2018-06-27 00:27:58', '2018-06-27 00:27:58'),
	(265, 138, 2, 'dificultad para acceder a red, se reviso y detecto problemas con cable de red se cambio debido a que rj estaba dañado', '2018-03-12', '2018-06-27 00:27:58', '2018-06-27 00:27:58'),
	(266, 182, 1, 'desbloqueo usuario agenda medica centralizada', '2018-03-12', '2018-06-27 00:27:58', '2018-06-27 00:27:58'),
	(267, 49, 1, 'desbloqueo usuario de sistema consulta externa', '2018-03-13', '2018-06-27 00:27:58', '2018-06-27 00:27:58'),
	(268, 157, 1, 'se envia impresión a impresor centralizado y no imprime se reviso cola de impresión en pc y detecto, que se habia seleccionado otro impresor por el usuario en el panel de control de la computadora', '2018-03-12', '2018-06-27 00:27:58', '2018-06-27 00:27:58'),
	(269, 99, 1, 'solicitud de apoyo para recuperar datos de consulta a paciente dia 8 de marzo de 2018, utilizando usuario de medico asigna a sistema de consulta externa', '2018-03-12', '2018-06-27 00:27:58', '2018-06-27 00:27:58'),
	(270, 157, 1, 'revision de pc debido a que no se logro imprimir recetas, se debloqueo safisss y se reenviaron recetas desde sistema de consulta externa, se explico la forma de reemprimirlas, cuando se genera cola de impresion', '2018-03-12', '2018-06-27 00:27:58', '2018-06-27 00:27:58'),
	(271, 218, 1, 'desbloqueo de usuario de sistema de consulta externa', '2018-03-12', '2018-06-27 00:27:58', '2018-06-27 00:27:58'),
	(272, 82, 1, 'solicitud de revision de sacceso a sistema SIGCA se copiaron archivos dll dañados de librerias system 32 debido a que no cargaba controlador remoto', '2018-03-12', '2018-06-27 00:27:58', '2018-06-27 00:27:58'),
	(273, 135, 2, 'desbloqueo de usuario de agenda medica', '2018-03-12', '2018-06-27 00:27:58', '2018-06-27 00:27:58'),
	(274, 278, 2, 'problemas con pagina trabada en impresor se retiro y limpio restos de hoja, imprime con dificultades', '2018-03-12', '2018-06-27 00:27:58', '2018-06-27 00:27:58'),
	(275, 274, 2, 'problemas para imprimir al cambiar cinta no se ve la impresion se reviso y movio palanquita de ajuste de tinta', '2018-03-12', '2018-06-27 00:27:58', '2018-06-27 00:27:58'),
	(276, 281, 2, 'solicitud de cambio de toner y revision por ruido en impresor se detecto click en engranes', '2018-03-12', '2018-06-27 00:27:58', '2018-06-27 00:27:58'),
	(277, 237, 2, 'se reviso impresor por problemas con rodillo se reviso y detecto trozos de papel en el mismo y en los engranes, se retiro y funciona sin dificultades', '2018-03-12', '2018-06-27 00:27:58', '2018-06-27 00:27:58'),
	(278, 140, 2, 'problemas para cargar equipo se queda pegado, se realizo cambio de procesador y limpio memoria ram equipo funciona con dificultades tecnicas', '2018-03-12', '2018-06-27 00:27:58', '2018-06-27 00:27:58'),
	(279, 135, 2, 'problemas con motherboar capacitores dañados se reviso y se utilizo pistola sopladora y de calentamiento para poder dar una solucion temporal, equipo funciona con problemas tecnicos ', '2018-03-12', '2018-06-27 00:27:58', '2018-06-27 00:27:58'),
	(280, 220, 2, 'descarte motherboard dañada, se realizo respaldo de datos', '2018-05-16', '2018-06-27 00:27:58', '2018-06-27 00:27:58'),
	(281, 176, 2, 'descarte motherboard dañada se realizo respaldo de datos', '2018-05-16', '2018-06-27 00:27:58', '2018-06-27 00:27:58'),
	(282, 133, 2, 'revision de pc por problemas con fuente se reviso y detecto que se protegio por variaicon de voltaje', '2018-05-16', '2018-06-27 00:27:58', '2018-06-27 00:27:58'),
	(283, 174, 2, 'descarte de pc por daño motherbaord, se realizo respaldo', '2018-05-16', '2018-06-27 00:27:58', '2018-06-27 00:27:58'),
	(284, 179, 2, 'revision de pc por problemas de video se cambio cable de video', '2018-05-16', '2018-06-27 00:27:58', '2018-06-27 00:27:58'),
	(285, 140, 2, 'descarte de pc daño de fuente  de poder, se realizaron pruebas con motherboard y se encontro capacitores dañados', '2018-05-16', '2018-06-27 00:27:58', '2018-06-27 00:27:58'),
	(286, 142, 2, 'descarte de pc por daño de fuente y motherboard', '2018-05-16', '2018-06-27 00:27:58', '2018-06-27 00:27:58'),
	(287, 82, 2, 'revision de pc no arranca se cambio memoria ram debido a que una de las memorias se encuentra dañada', '2018-05-16', '2018-06-27 00:27:58', '2018-06-27 00:27:58'),
	(288, 70, 2, 'revision de monitor color rosado se revsio cable de video y se ajusto', '2018-05-16', '2018-06-27 00:27:58', '2018-06-27 00:27:58'),
	(289, 175, 2, 'descarte de equipo por daño en fuente y motherboard', '2018-05-16', '2018-06-27 00:27:58', '2018-06-27 00:27:58'),
	(290, 14, 1, 'revision de pc por lentitud se realizo defragmetacion de disco duro', '2018-05-16', '2018-06-27 00:27:58', '2018-06-27 00:27:58'),
	(291, 83, 2, 'descarte de equipo por daño motherboard', '2018-05-16', '2018-06-27 00:27:58', '2018-06-27 00:27:58'),
	(292, 71, 2, 'revision de equipo no arranca se reviso y de tecto problemas en deteccion disco duro se limpio y reinicio de nuevo', '2018-05-16', '2018-06-27 00:27:58', '2018-06-27 00:27:58'),
	(293, 73, 1, 'desbloqueo agenda medica', '2018-05-16', '2018-06-27 00:27:58', '2018-06-27 00:27:58'),
	(294, 15, 1, 'desbloqueo inicio de sesion win 7', '2018-05-16', '2018-06-27 00:27:58', '2018-06-27 00:27:58'),
	(295, 193, 1, 'desbloqueo inicio de sesion windows 7', '2018-05-16', '2018-06-27 00:27:58', '2018-06-27 00:27:58'),
	(296, 18, 1, 'desbloqueo inicio de sesion win 8', '2018-05-16', '2018-06-27 00:27:58', '2018-06-27 00:27:58'),
	(297, 259, 2, 'papel trabado en impresor y restos de grapas se limpio', '2018-05-16', '2018-06-27 00:27:58', '2018-06-27 00:27:58'),
	(298, 99, 1, 'desbloqueo inicio de sesion win 8', '2018-05-16', '2018-06-27 00:27:58', '2018-06-27 00:27:58'),
	(299, 94, 1, 'desbloqueo inicio de sesion win 8', '2018-05-16', '2018-06-27 00:27:58', '2018-06-27 00:27:58'),
	(300, 67, 1, 'desbloqueo inicio de sesion win xp y revision de correo', '2018-06-01', '2018-06-27 00:27:58', '2018-06-27 00:27:58'),
	(301, 177, 2, 'descarte de equipo informatico', '2018-06-01', '2018-06-27 00:27:58', '2018-06-27 00:27:58'),
	(302, 66, 1, 'desbloqueo usuario red win xp y revision de correo', '2018-06-01', '2018-06-27 00:27:58', '2018-06-27 00:27:58'),
	(303, 215, 1, 'desbloqueo usuario red win xp', '2018-06-01', '2018-06-27 00:27:58', '2018-06-27 00:27:58'),
	(304, 72, 2, 'revision monitor no carga se cambio cable de poder', '2018-06-01', '2018-06-27 00:27:58', '2018-06-27 00:27:58'),
	(305, 53, 1, 'desbloqueo inicio de sesion win 7', '2018-06-01', '2018-06-27 00:27:58', '2018-06-27 00:27:58'),
	(306, 190, 1, 'desbloqueo de inico de seion win 7', '2018-06-01', '2018-06-27 00:27:58', '2018-06-27 00:27:58');
/*!40000 ALTER TABLE `bitacoras` ENABLE KEYS */;

-- Volcando estructura para tabla inventario_informatico.departments
CREATE TABLE IF NOT EXISTS `departments` (
  `id` int(10) unsigned NOT NULL AUTO_INCREMENT,
  `centro_costo` varchar(100) COLLATE utf8mb4_unicode_ci NOT NULL,
  `ubicacion` varchar(100) COLLATE utf8mb4_unicode_ci NOT NULL,
  `created_at` timestamp NULL DEFAULT CURRENT_TIMESTAMP,
  `updated_at` timestamp NULL DEFAULT CURRENT_TIMESTAMP,
  PRIMARY KEY (`id`)
) ENGINE=InnoDB AUTO_INCREMENT=41 DEFAULT CHARSET=utf8mb4 COLLATE=utf8mb4_unicode_ci;

-- Volcando datos para la tabla inventario_informatico.departments: ~24 rows (aproximadamente)
DELETE FROM `departments`;
/*!40000 ALTER TABLE `departments` DISABLE KEYS */;
INSERT INTO `departments` (`id`, `centro_costo`, `ubicacion`, `created_at`, `updated_at`) VALUES
	(12, '537209', '537209', '2018-06-26 16:30:07', '2018-06-26 16:30:07'),
	(13, '537205', '537205', '2018-06-26 16:30:07', '2018-06-26 16:30:07'),
	(14, '537210', '537210', '2018-06-26 16:30:07', '2018-06-26 16:30:07'),
	(15, '537B04', '537B04', '2018-06-26 16:30:07', '2018-06-26 16:30:07'),
	(17, '537208', '537208', '2018-06-26 16:30:07', '2018-06-26 16:30:07'),
	(18, '537802', '537802', '2018-06-26 16:30:07', '2018-06-26 16:30:07'),
	(19, '537001', '537001', '2018-06-26 16:30:07', '2018-06-26 16:30:07'),
	(21, '537101', '537101', '2018-06-26 16:30:07', '2018-06-26 16:30:07'),
	(22, '537107', '537107', '2018-06-26 16:30:07', '2018-06-26 16:30:07'),
	(23, '537B02', '537B02', '2018-06-26 16:30:07', '2018-06-26 16:30:07'),
	(25, '537303', '537303', '2018-06-26 16:30:07', '2018-06-26 16:30:07'),
	(26, '537206', '537206', '2018-06-26 16:30:07', '2018-06-26 16:30:07'),
	(27, '537207', '537207', '2018-06-26 16:30:07', '2018-06-26 16:30:07'),
	(29, '537307', '537307', '2018-06-26 16:30:07', '2018-06-26 16:30:07'),
	(30, '537A04', '537A04', '2018-06-26 16:30:07', '2018-06-26 16:30:07'),
	(31, '537302', '537302', '2018-06-26 16:30:07', '2018-06-26 16:30:07'),
	(33, '537308', '537308', '2018-06-26 16:30:07', '2018-06-26 16:30:07'),
	(34, '537B03', '537B03', '2018-06-26 16:30:07', '2018-06-26 16:30:07'),
	(35, '537A08', '537A08', '2018-06-26 16:30:07', '2018-06-26 16:30:07'),
	(36, '537103', '537103', '2018-06-26 16:30:07', '2018-06-26 16:30:07'),
	(37, '250304', '250304', '2018-06-26 16:30:07', '2018-06-26 16:30:07'),
	(38, '537102', '537102', '2018-06-26 16:30:07', '2018-06-26 16:30:07'),
	(39, '537109', '537109', '2018-06-26 16:30:07', '2018-06-26 16:30:07'),
	(40, '537006', 'Informatica', '2018-06-26 16:30:07', '2018-06-26 16:30:07');
/*!40000 ALTER TABLE `departments` ENABLE KEYS */;

-- Volcando estructura para tabla inventario_informatico.direccions
CREATE TABLE IF NOT EXISTS `direccions` (
  `id` int(10) unsigned NOT NULL AUTO_INCREMENT,
  `nombre` varchar(191) COLLATE utf8mb4_unicode_ci NOT NULL,
  `created_at` timestamp NULL DEFAULT NULL,
  `updated_at` timestamp NULL DEFAULT NULL,
  PRIMARY KEY (`id`)
) ENGINE=InnoDB AUTO_INCREMENT=3 DEFAULT CHARSET=utf8mb4 COLLATE=utf8mb4_unicode_ci;

-- Volcando datos para la tabla inventario_informatico.direccions: ~2 rows (aproximadamente)
DELETE FROM `direccions`;
/*!40000 ALTER TABLE `direccions` DISABLE KEYS */;
INSERT INTO `direccions` (`id`, `nombre`, `created_at`, `updated_at`) VALUES
	(1, 'Dinamica', '2018-06-18 01:00:47', '2018-06-18 01:00:48'),
	(2, 'Sin internet', '2018-06-18 01:01:01', '2018-06-18 01:01:02');
/*!40000 ALTER TABLE `direccions` ENABLE KEYS */;

-- Volcando estructura para tabla inventario_informatico.domains
CREATE TABLE IF NOT EXISTS `domains` (
  `id` int(10) unsigned NOT NULL AUTO_INCREMENT,
  `nombre` varchar(191) COLLATE utf8mb4_unicode_ci NOT NULL,
  `created_at` timestamp NULL DEFAULT NULL,
  `updated_at` timestamp NULL DEFAULT NULL,
  PRIMARY KEY (`id`)
) ENGINE=InnoDB AUTO_INCREMENT=2 DEFAULT CHARSET=utf8mb4 COLLATE=utf8mb4_unicode_ci;

-- Volcando datos para la tabla inventario_informatico.domains: ~0 rows (aproximadamente)
DELETE FROM `domains`;
/*!40000 ALTER TABLE `domains` DISABLE KEYS */;
INSERT INTO `domains` (`id`, `nombre`, `created_at`, `updated_at`) VALUES
	(1, 'isss.gob.sv', '2018-06-18 01:01:38', '2018-06-18 01:01:39');
/*!40000 ALTER TABLE `domains` ENABLE KEYS */;

-- Volcando estructura para tabla inventario_informatico.equipment
CREATE TABLE IF NOT EXISTS `equipment` (
  `id` int(10) unsigned NOT NULL AUTO_INCREMENT,
  `id_tipo_equipo` int(10) unsigned DEFAULT NULL,
  `id_nivel` int(10) unsigned DEFAULT NULL,
  `ubicacion` varchar(191) COLLATE utf8mb4_unicode_ci DEFAULT NULL,
  `id_centro_costo` int(10) unsigned DEFAULT NULL,
  `id_usuario` int(10) unsigned DEFAULT NULL,
  `numero_inventario` varchar(191) COLLATE utf8mb4_unicode_ci DEFAULT NULL,
  `id_marca` varchar(50) COLLATE utf8mb4_unicode_ci DEFAULT NULL,
  `modelo` varchar(191) COLLATE utf8mb4_unicode_ci DEFAULT NULL,
  `serie` varchar(191) COLLATE utf8mb4_unicode_ci DEFAULT NULL,
  `marca_modelo` varchar(191) COLLATE utf8mb4_unicode_ci DEFAULT NULL,
  `velocidad` varchar(191) COLLATE utf8mb4_unicode_ci DEFAULT NULL,
  `ram` varchar(191) COLLATE utf8mb4_unicode_ci DEFAULT NULL,
  `hdd` varchar(191) COLLATE utf8mb4_unicode_ci DEFAULT NULL,
  `id_cd` int(10) unsigned DEFAULT NULL,
  `sistema_operativo` varchar(191) COLLATE utf8mb4_unicode_ci DEFAULT NULL,
  `licencia_sistema` varchar(50) COLLATE utf8mb4_unicode_ci DEFAULT NULL,
  `office` varchar(191) COLLATE utf8mb4_unicode_ci DEFAULT NULL,
  `licencia_office` varchar(191) COLLATE utf8mb4_unicode_ci DEFAULT NULL,
  `sistemas_institucionales` varchar(3000) COLLATE utf8mb4_unicode_ci DEFAULT NULL,
  `otro_software` varchar(3000) COLLATE utf8mb4_unicode_ci DEFAULT NULL,
  `nombre_equipo` varchar(191) COLLATE utf8mb4_unicode_ci DEFAULT NULL,
  `id_direccionip` int(10) unsigned DEFAULT NULL,
  `id_dominio` int(10) unsigned DEFAULT NULL,
  `fecha_adquisicion` date DEFAULT NULL,
  `fecha_vencimiento` date DEFAULT NULL,
  `id_estado_equipo` int(10) unsigned DEFAULT NULL,
  `observaciones` varchar(3000) COLLATE utf8mb4_unicode_ci DEFAULT NULL,
  `created_at` timestamp NULL DEFAULT CURRENT_TIMESTAMP,
  `updated_at` timestamp NULL DEFAULT CURRENT_TIMESTAMP,
  PRIMARY KEY (`id`),
  KEY `equipment_id_tipo_equipo_foreign` (`id_tipo_equipo`),
  KEY `equipment_id_nivel_foreign` (`id_nivel`),
  KEY `equipment_id_centro_costo_foreign` (`id_centro_costo`),
  KEY `equipment_id_usuario_foreign` (`id_usuario`),
  KEY `equipment_id_cd_foreign` (`id_cd`),
  KEY `equipment_id_direccionip_foreign` (`id_direccionip`),
  KEY `equipment_id_dominio_foreign` (`id_dominio`),
  KEY `equipment_id_estado_equipo_foreign` (`id_estado_equipo`),
  CONSTRAINT `equipment_id_cd_foreign` FOREIGN KEY (`id_cd`) REFERENCES `perifericos` (`id`),
  CONSTRAINT `equipment_id_centro_costo_foreign` FOREIGN KEY (`id_centro_costo`) REFERENCES `departments` (`id`),
  CONSTRAINT `equipment_id_direccionip_foreign` FOREIGN KEY (`id_direccionip`) REFERENCES `direccions` (`id`),
  CONSTRAINT `equipment_id_dominio_foreign` FOREIGN KEY (`id_dominio`) REFERENCES `domains` (`id`),
  CONSTRAINT `equipment_id_estado_equipo_foreign` FOREIGN KEY (`id_estado_equipo`) REFERENCES `estates` (`id`),
  CONSTRAINT `equipment_id_nivel_foreign` FOREIGN KEY (`id_nivel`) REFERENCES `nivels` (`id`),
  CONSTRAINT `equipment_id_tipo_equipo_foreign` FOREIGN KEY (`id_tipo_equipo`) REFERENCES `equipmentypes` (`id`),
  CONSTRAINT `equipment_id_usuario_foreign` FOREIGN KEY (`id_usuario`) REFERENCES `miusers` (`id`)
) ENGINE=InnoDB AUTO_INCREMENT=292 DEFAULT CHARSET=utf8mb4 COLLATE=utf8mb4_unicode_ci;

-- Volcando datos para la tabla inventario_informatico.equipment: ~265 rows (aproximadamente)
DELETE FROM `equipment`;
/*!40000 ALTER TABLE `equipment` DISABLE KEYS */;
INSERT INTO `equipment` (`id`, `id_tipo_equipo`, `id_nivel`, `ubicacion`, `id_centro_costo`, `id_usuario`, `numero_inventario`, `id_marca`, `modelo`, `serie`, `marca_modelo`, `velocidad`, `ram`, `hdd`, `id_cd`, `sistema_operativo`, `licencia_sistema`, `office`, `licencia_office`, `sistemas_institucionales`, `otro_software`, `nombre_equipo`, `id_direccionip`, `id_dominio`, `fecha_adquisicion`, `fecha_vencimiento`, `id_estado_equipo`, `observaciones`, `created_at`, `updated_at`) VALUES
	(13, 1, NULL, '7º Nivel - Jefatura de Consulta Externa', 13, 6, '03-530-08419', 'HP', 'Elite Desk 705 G1 SFF', 'MXL4452PF8', NULL, NULL, NULL, NULL, NULL, NULL, NULL, NULL, NULL, NULL, NULL, NULL, NULL, NULL, '2014-12-14', '2019-12-14', 1, '\r\nEquipo en buen estado', '2018-06-27 00:18:08', '2018-06-27 00:18:08'),
	(14, 1, NULL, '7º Nivel - Secretaria de Jefatura Consulta Externa', 13, 7, '03-530-02916', 'HP', 'dc5000 SFF', 'MXJ516049V', NULL, NULL, NULL, NULL, NULL, NULL, NULL, NULL, NULL, NULL, NULL, NULL, NULL, NULL, '2005-05-12', '2008-05-12', 2, '', '2018-06-27 00:18:08', '2018-06-27 00:18:08'),
	(15, 1, NULL, '1º Nivel - Informática Sistema de Marcación Biométrica', 40, 16, '03-530-06729', 'DELL', 'OPTIPLEX 780', 'H66M9P1', NULL, NULL, NULL, NULL, NULL, NULL, NULL, NULL, NULL, NULL, NULL, NULL, NULL, NULL, '2011-02-16', '2014-02-16', 1, '', '2018-06-27 00:18:08', '2018-06-27 00:18:08'),
	(18, 1, NULL, '7º Nivel - Oficina Jefatura de C. Ext. (Preparación de pacientes Gastro.)', 17, 18, '03-530-08434', 'HP', 'Elite Desk 705 G1 SFF', 'MXL446093V', NULL, NULL, NULL, NULL, NULL, NULL, NULL, NULL, NULL, NULL, NULL, NULL, NULL, NULL, '2014-12-01', '2019-12-01', 1, 'Serie teclado: BDMEP0AHH6W040\r\nSerie mouse: FCMHF0AHD7GB4U\r\nSerie monitor: 3CQ4281DQD', '2018-06-27 00:18:09', '2018-06-27 00:18:09'),
	(20, 1, NULL, '7º Nivel - Jefatura Médica de Reumatología', 14, 8, '03-530-07332', 'DELL', 'INSPIRON 3647', 'C5CWY12', NULL, NULL, NULL, NULL, NULL, NULL, NULL, NULL, NULL, NULL, NULL, NULL, NULL, NULL, '2005-12-01', '2009-12-01', 1, '', '2018-06-27 00:18:09', '2018-06-27 00:18:09'),
	(21, 1, NULL, '7º Nivel - Trabajo Social', 15, 10, '03-530-07617', 'HP', 'Elite Desk 705 G1 SFF', 'MXL4460W1T', NULL, NULL, NULL, NULL, NULL, NULL, NULL, NULL, NULL, NULL, NULL, NULL, NULL, NULL, '2014-12-01', '2019-12-01', 1, 'Serie teclado: BDMEP0AHH6U269\r\nSerie mouse: FCMHF0AHD7H5SZ\r\nSerie monitor: 3CQ4281F7N', '2018-06-27 00:18:09', '2018-06-27 00:18:09'),
	(22, 1, NULL, '7º Nivel - Recepción de Neumología', 13, 11, '03-530-08431', 'HP', 'Elite Desk 705 G1 SFF', 'MXL4452P3S', NULL, NULL, NULL, NULL, NULL, NULL, NULL, NULL, NULL, NULL, NULL, NULL, NULL, NULL, '2014-12-01', '2019-12-01', 1, 'Serie teclado: BDMEP0CCP6W0A8\r\nSerie mouse: FCMHF0AHD7HS7H\r\nSerie monitor: 3CQ4281FVY', '2018-06-27 00:18:08', '2018-06-27 00:18:08'),
	(23, 1, NULL, '7º Nivel - Preparación de Pacientes Neumología', 13, 12, '03-530-08409', 'HP', 'Elite Desk 705 G1 SFF', 'MXL44608X8', NULL, NULL, NULL, NULL, NULL, NULL, NULL, NULL, NULL, NULL, NULL, NULL, NULL, NULL, '2014-12-01', '2019-12-01', 1, 'Serie teclado: BDMEP0CCP6W1KL\r\nSerie mouse: FCMHF0AHD7F24W\r\nSerie monitor: 3CQ4281DPN', '2018-06-27 00:18:08', '2018-06-27 00:18:08'),
	(25, 1, NULL, '7º Nivel - Clínica 1 Neumología', 13, 13, '03-530-08433', 'HP', '03-530-08433', 'MXL44608TC', NULL, NULL, NULL, NULL, NULL, NULL, NULL, NULL, NULL, NULL, NULL, NULL, NULL, NULL, '2014-12-01', '2019-12-01', 1, 'Serie teclado: BDMEP0AHH6U42G\r\nSerie mouse: FCMHF0AHD7HSU2\r\nSerie monitor: 3CQ4281DKR', '2018-06-27 00:18:08', '2018-06-27 00:18:08'),
	(26, 1, NULL, '7º Nivel - Clínica 2 Neumología', 13, 14, '03-530-08413', 'HP', 'Elite Desk 705 G1 SFF', 'MXL4452PD2', NULL, NULL, NULL, NULL, NULL, NULL, NULL, NULL, NULL, NULL, NULL, NULL, NULL, NULL, '2014-12-01', '2019-12-01', 1, 'Serie teclado: BDMEP0AHH6W083\r\nSerie mouse: FCMHF0AHD7H3V3\r\nSerie monitor: 3CQ4281DQ2', '2018-06-27 00:18:08', '2018-06-27 00:18:08'),
	(28, 1, NULL, '7º Nivel - Clínica 3 Neumología', 13, 15, '03-530-08414', 'HP', 'Elite Desk 705 G1 SFF', 'MXL4452PFH', NULL, NULL, NULL, NULL, NULL, NULL, NULL, NULL, NULL, NULL, NULL, NULL, NULL, NULL, '2014-12-01', '2019-12-01', 1, 'Serie teclado: BDMEP0AHH6W0CJ\r\nSerie mouse: FCMHF0AHD7F1LK\r\nSerie monitor: 3CQ4281DQ5', '2018-06-27 00:18:08', '2018-06-27 00:18:08'),
	(29, 1, NULL, '7º Nivel - Clínica 4 Neumología', 13, 19, '03-530-08415', 'HP', 'Elite Desk 705 G1 SFF', 'MXL44608XK', NULL, NULL, NULL, NULL, NULL, NULL, NULL, NULL, NULL, NULL, NULL, NULL, NULL, NULL, '2014-12-01', '2019-12-01', 1, 'Serie teclado: BDMEP0CCP6W1KK\r\nSerie mouse: FCMHF0AHD7F25H\r\nSerie monitor: 3CQ4281DQ9', '2018-06-27 00:18:08', '2018-06-27 00:18:08'),
	(30, 1, NULL, '7º Nivel - Clínica 5 Neumología', 13, 20, '03-530-08416', 'HP', 'Elite Desk 705 G1 SFF', 'MXL4452PBR', NULL, NULL, NULL, NULL, NULL, NULL, NULL, NULL, NULL, NULL, NULL, NULL, NULL, NULL, '2014-12-01', '2019-12-01', 1, 'Serie teclado: BDMEP0AHH6W0P1\r\nSerie mouse: FCMHF0AHD7H3VY\r\nSerie monitor: 3CQ4281DL1', '2018-06-27 00:18:08', '2018-06-27 00:18:08'),
	(31, 1, NULL, '7º Nivel - Recepción de Gastroenterología', 17, 21, '03-530-08417', 'HP', '03-530-08417', 'MXL4452PCW', NULL, NULL, NULL, NULL, NULL, NULL, NULL, NULL, NULL, NULL, NULL, NULL, NULL, NULL, '2014-12-01', '2019-12-01', 1, 'Serie teclado: BDMEP0AHH6W00F\r\nSerie mouse: FCMHF0AHD7HSDJ\r\nSerie monitor: 3CQ4281DJV', '2018-06-27 00:18:09', '2018-06-27 00:18:09'),
	(32, 1, NULL, '7º Nivel - Clínica 1 Gastroenterología', 17, 22, '03-530-08435', 'HP', 'Elite Desk 705 G1 SFF', 'MXL4452PFX', NULL, NULL, NULL, NULL, NULL, NULL, NULL, NULL, NULL, NULL, NULL, NULL, NULL, NULL, '2014-12-01', '2019-12-01', 1, 'Serie teclado: BDMEP0AHH6W16A\r\nSerie mouse: FCMHF0AHD7HSL6\r\nSerie monitor: 3CQ4281DLF', '2018-06-27 00:18:09', '2018-06-27 00:18:09'),
	(33, 1, NULL, '7º Nivel - Clínica 2 Gastroenterología', 17, 23, '03-530-08436', 'HP', 'Elite Desk 705 G1 SFF', 'MXL446093S', NULL, NULL, NULL, NULL, NULL, NULL, NULL, NULL, NULL, NULL, NULL, NULL, NULL, NULL, '2014-12-01', '2019-12-01', 1, 'Serie teclado: BDMEP0AHH6W2AF\r\nSerie mouse: FCMHF0AHD7HR0F\r\nSerie monitor: 3CQ4281DQ3', '2018-06-27 00:18:09', '2018-06-27 00:18:09'),
	(34, 1, NULL, '7º Nivel - Clínica 3 Gastroenterología', 17, 24, '03-530-08411', 'HP', 'Elite Desk 705 G1 SFF', 'MXL44608X6', NULL, NULL, NULL, NULL, NULL, NULL, NULL, NULL, NULL, NULL, NULL, NULL, NULL, NULL, '2014-12-01', '2019-12-01', 1, 'Serie teclado: BDMEP0CCP6W1KF\r\nSerie mouse: FCMHF0AHD7F25B\r\nSerie monitor: 6CM4271DZS', '2018-06-27 00:18:09', '2018-06-27 00:18:09'),
	(35, 1, NULL, '7º Nivel - Clínica 4 Gastroenterología', 17, 25, '03-530-08412', 'HP', 'Elite Desk 705 G1 SFF', 'MXL4452PCG', NULL, NULL, NULL, NULL, NULL, NULL, NULL, NULL, NULL, NULL, NULL, NULL, NULL, NULL, '2014-12-01', '2019-12-01', 1, 'Serie teclado: BDMEP0AHH6W0O7\r\nSerie mouse: FCMHF0AHD7H3VR\r\nSerie monitor: 3CQ4281DKB', '2018-06-27 00:18:09', '2018-06-27 00:18:09'),
	(36, 1, NULL, '7º Nivel - Recepción de Reumatología', 14, 26, '03-530-08418', 'HP', 'Elite Desk 705 G1 SFF', 'MXL44608VC', NULL, NULL, NULL, NULL, NULL, NULL, NULL, NULL, NULL, NULL, NULL, NULL, NULL, NULL, '2014-12-01', '2019-12-01', 1, 'Serie teclado: BDMEP0CCP6W085\r\nSerie mouse: FCMHF0AHD7F9UQ\r\nSerie monitor: 3CQ4281DKL', '2018-06-27 00:18:09', '2018-06-27 00:18:09'),
	(37, 1, NULL, '7º Nivel - Clínica 1 Reumatología', 14, 27, '03-530-07329', 'DELL', 'INSPIRON 3647', 'C5HTY12', NULL, NULL, NULL, NULL, NULL, NULL, NULL, NULL, NULL, NULL, NULL, NULL, NULL, NULL, '2014-12-01', '2019-12-01', 1, '', '2018-06-27 00:18:09', '2018-06-27 00:18:09'),
	(38, 1, NULL, '7º Nivel - Clínica 2 Reumatología', 14, 8, '03-530-08438', 'HP', 'Elite Desk 705 G1 SFF', 'MXL4452P3R', NULL, NULL, NULL, NULL, NULL, NULL, NULL, NULL, NULL, NULL, NULL, NULL, NULL, NULL, '2014-12-01', '2019-12-01', 1, 'Serie teclado: BDMEP0AHH6U2CI\r\nSerie mouse: FCMHF0AHD7HS6N\r\nSerie monitor: 3CQ4281DLD', '2018-06-27 00:18:09', '2018-06-27 00:18:09'),
	(39, 1, NULL, '7º Nivel - Clínica 2 Reumatología', 14, 8, '03-530-07331', 'DELL', 'INSPIRON 3647', 'C5FDY12', NULL, NULL, NULL, NULL, NULL, NULL, NULL, NULL, NULL, NULL, NULL, NULL, NULL, NULL, '2005-12-01', '2009-12-01', 1, '', '2018-06-27 00:18:09', '2018-06-27 00:18:09'),
	(40, 1, NULL, '7º Nivel - Clínica 3 Reumatología', 14, 28, '03-530-07328', 'DELL', 'INSPIRON 3647', 'C5DRY12', NULL, NULL, NULL, NULL, NULL, NULL, NULL, NULL, NULL, NULL, NULL, NULL, NULL, NULL, '2005-12-01', '2009-12-01', 1, '', '2018-06-27 00:18:09', '2018-06-27 00:18:09'),
	(41, 1, NULL, '7º Nivel - Clínica 4 Reumatología', 14, 29, '03-530-07330', 'DELL', 'INSPIRON 3647', 'C5HPY12', NULL, NULL, NULL, NULL, NULL, NULL, NULL, NULL, NULL, NULL, NULL, NULL, NULL, NULL, '2005-12-01', '2009-12-01', 1, '', '2018-06-27 00:18:09', '2018-06-27 00:18:09'),
	(42, 1, NULL, '7º Nivel - Recepción de HTA y CVP', 18, 30, '03-530-08426', 'HP', 'Elite Desk 705 G1 SFF', 'MXL4460W20', NULL, NULL, NULL, NULL, NULL, NULL, NULL, NULL, NULL, NULL, NULL, NULL, NULL, NULL, '2014-12-01', '2019-12-01', 1, 'Serie teclado: BDMEP0AHH6X0YM\r\nSerie mouse: FCMHF0AHD7W0LC\r\nSerie monitor: 3CQ4281DQ0', '2018-06-27 00:18:09', '2018-06-27 00:18:09'),
	(43, 1, NULL, '7º Nivel - Preparación de Pacientes HTA y CVP', 18, 31, '03-530-08428', 'HP', 'Elite Desk 705 G1 SFF', 'MXL4452PF0', NULL, NULL, NULL, NULL, NULL, NULL, NULL, NULL, NULL, NULL, NULL, NULL, NULL, NULL, '2014-12-01', '2019-12-01', 1, 'Serie teclado: BDMEP0AHH6W04Z\r\nSerie mouse: FCMHF0AHD7HSDA\r\nSerie monitor: 3CQ4281DPV', '2018-06-27 00:18:09', '2018-06-27 00:18:09'),
	(44, 1, NULL, '7º Nivel - Clínica 1 CVP', 18, 32, '03-530-08421', 'HP', 'Elite Desk 705 G1 SFF', 'MXL4452PD4', NULL, NULL, NULL, NULL, NULL, NULL, NULL, NULL, NULL, NULL, NULL, NULL, NULL, NULL, '2014-12-01', '2019-12-01', 1, 'Serie teclado: BDMEP0AHH6W00D\r\nSerie mouse: FCMHF0AHD7H3W4\r\nSerie monitor: 6CM4271DZY', '2018-06-27 00:18:09', '2018-06-27 00:18:09'),
	(45, 1, NULL, '7º Nivel - Clínica 2 CVP', 18, 33, '03-530-08420', 'HP', 'Elite Desk 705 G1 SFF', 'MXL4452PFL', NULL, NULL, NULL, NULL, NULL, NULL, NULL, NULL, NULL, NULL, NULL, NULL, NULL, NULL, '2014-12-01', '2019-12-01', 1, 'Serie teclado: BDMEP0AHH6W0PQ\r\nSerie mouse: FCMHF0AHD7F1LU\r\nSerie monitor: 6CM4271F0F', '2018-06-27 00:18:09', '2018-06-27 00:18:09'),
	(46, 12, NULL, '7º Nivel - Jefatura de Consulta Externa Nivel 7', 13, 17, '03-531-03609', 'LEXMARK', 'E260dn', '72LVV0H', NULL, NULL, NULL, NULL, NULL, NULL, NULL, NULL, NULL, NULL, NULL, NULL, NULL, NULL, '2011-01-18', '2014-01-16', 2, '', '2018-06-27 00:18:08', '2018-06-27 00:18:08'),
	(47, 1, NULL, '7º Nivel - Clínica 1 HTA', 18, 37, '03-530-08424', 'HP', 'Elite Desk 705 G1 SFF', 'MXL4452P24', NULL, NULL, NULL, NULL, NULL, NULL, NULL, NULL, NULL, NULL, NULL, NULL, NULL, NULL, '2014-12-08', '2019-12-08', 1, '', '2018-06-27 00:18:09', '2018-06-27 00:18:09'),
	(48, 1, NULL, '7º Nivel - Clínica 2 HTA', 18, 38, '03-530-08432', 'HP', 'Elite Desk 705 G1 SFF', 'MXL4460W1Q', NULL, NULL, NULL, NULL, NULL, NULL, NULL, NULL, NULL, NULL, NULL, NULL, NULL, NULL, '2014-07-08', '2019-07-08', 1, '', '2018-06-27 00:18:09', '2018-06-27 00:18:09'),
	(49, 1, NULL, '7º Nivel - Clínica 3 HTA', 18, 39, '03-530-08427', 'HP', 'Elite Desk 705 G1 SFF', 'MXL4460945', NULL, NULL, NULL, NULL, NULL, NULL, NULL, NULL, NULL, NULL, NULL, NULL, NULL, NULL, '2014-07-08', '2019-07-08', 1, '', '2018-06-27 00:18:09', '2018-06-27 00:18:09'),
	(50, 1, NULL, '7º Nivel - Clínica 4 HTA', 18, 40, '03-530-08425', 'HP', 'Elite Desk 705 G1 SFF', 'MXL4460923', NULL, NULL, NULL, NULL, NULL, NULL, NULL, NULL, NULL, NULL, NULL, NULL, NULL, NULL, '2014-07-08', '2019-07-08', 1, '', '2018-06-27 00:18:09', '2018-06-27 00:18:09'),
	(51, 1, NULL, '6º Nivel - Directora', 19, 41, '03-530-08408', 'HP', 'Elite Desk 705 G1 SFF', 'MXL44608VF', NULL, NULL, NULL, NULL, NULL, NULL, NULL, NULL, NULL, NULL, NULL, NULL, NULL, NULL, '2014-07-08', '2019-07-08', 1, '', '2018-06-27 00:18:08', '2018-06-27 00:18:08'),
	(52, 1, NULL, '6º Nivel - Sub-Director', 19, 191, '03-530-05890', 'DELL', 'OPTIPLEX 780', 'D4D9NN1', NULL, NULL, NULL, NULL, NULL, NULL, NULL, NULL, NULL, NULL, NULL, NULL, NULL, NULL, '2014-07-08', '2019-07-08', 1, '', '2018-06-27 00:18:08', '2018-06-27 00:18:08'),
	(53, 1, NULL, '6º Nivel - Secretaria de Dirección', 19, 43, '03-530-05882', 'DELL', 'OPTIPLEX 780', 'D7M7NN1', NULL, NULL, NULL, NULL, NULL, NULL, NULL, NULL, NULL, NULL, NULL, NULL, NULL, NULL, '2010-12-06', '2013-12-06', 1, '', '2018-06-27 00:18:08', '2018-06-27 00:18:08'),
	(54, 1, NULL, '6º Nivel - Recepción de Dirección', 19, 45, '03-530-02897', 'HP', 'dc5000 SFF', 'MXJ51604CW', NULL, NULL, NULL, NULL, NULL, NULL, NULL, NULL, NULL, NULL, NULL, NULL, NULL, NULL, '2005-07-12', '2008-07-12', 2, 'Monitor CRT descartado el 03/12/2015\r\n', '2018-06-27 00:18:08', '2018-06-27 00:18:08'),
	(55, 2, NULL, '6º Nivel - Dirección', 19, 41, '03-530-08596', 'HP', 'PROBOOK 640 G1', '5CG4441YWV', NULL, NULL, NULL, NULL, NULL, NULL, NULL, NULL, NULL, NULL, NULL, NULL, NULL, NULL, '2016-02-08', '2017-02-08', 1, '', '2018-06-27 00:18:08', '2018-06-27 00:18:08'),
	(56, 1, NULL, '6º Nivel - Dirección', 14, 28, '03-530-08437', 'HP', 'Elite Desk 705 G1 SFF', 'MXL4460BMJ', NULL, NULL, NULL, NULL, NULL, NULL, NULL, NULL, NULL, NULL, NULL, NULL, NULL, NULL, '2014-12-01', '2019-12-01', 1, '"ANTES UBICADA EN C1 REUMATOLOGIA\r\nSerie teclado: BDMEP0AHH6W0RI\r\nSerie mouse: FCMHF0AHD7HQH9\r\nSerie monitor: 6CM4271GHW"\r\n', '2018-06-27 00:18:09', '2018-06-27 00:18:09'),
	(57, 1, NULL, '6º Nivel - Sala de Juntas Dirección', 19, 41, '03-530-08422', 'HP', 'Elite Desk 705 G1 SFF', 'MXL446096B', NULL, NULL, NULL, NULL, NULL, NULL, NULL, NULL, NULL, NULL, NULL, NULL, NULL, NULL, '2014-12-01', '2019-12-01', 1, '"Serie teclado: BDMEP0AHH6U4FJ\r\nSerie mouse: FCMHF0AHD7HRJL\r\nSerie monitor: 6CM4271DZR"\r\n', '2018-06-27 00:18:08', '2018-06-27 00:18:08'),
	(58, 1, NULL, 'despacho enfermeria a la par de recepcion de reumatologia', 19, 44, '03-530-08429', 'HP', 'Elite Desk 705 G1 SFF', 'MXL44608TN', NULL, NULL, NULL, NULL, NULL, NULL, NULL, NULL, NULL, NULL, NULL, NULL, NULL, NULL, '2014-12-01', '2019-12-01', 1, '"Serie teclado: BDMEP0CCP6W0BG\r\nSerie mouse: FCMHF0AHD7HSUV\r\nSerie monitor: 3CQ4281DPY"\r\n', '2018-06-27 00:18:08', '2018-06-27 00:18:08'),
	(59, 1, NULL, '6º Nivel - Despacho de nefrologia', 19, 41, '03-530-08430', 'HP', 'Elite Desk 705 G1 SFF', 'MXL4452P5M', NULL, NULL, NULL, NULL, NULL, NULL, NULL, NULL, NULL, NULL, NULL, NULL, NULL, NULL, '2014-12-01', '2019-12-01', 1, '"Serie teclado: BDMEP0AHH6U27W\r\nSerie mouse: FCMHF0AHD7GB6A\r\nSerie monitor: 6CM4271DZP"\r\n', '2018-06-27 00:18:08', '2018-06-27 00:18:08'),
	(60, 1, NULL, '4 nivel despacho de enfermeria ', 19, 129, '03-530-08423', 'HP', 'Elite Desk 705 G1 SFF', 'MXL446096L', NULL, NULL, NULL, NULL, NULL, NULL, NULL, NULL, NULL, NULL, NULL, NULL, NULL, NULL, '2014-12-01', '2019-12-01', 1, '"Serie teclado: BDMEP0AHH6W1F3\r\nSerie mouse: FCMHF0AHD7HROG\r\nSerie monitor: 6CM4271F0M"\r\n', '2018-06-27 00:18:08', '2018-06-27 00:18:08'),
	(61, 1, NULL, '6º Nivel - Despacho de neurologia', 19, 41, '03-530-08581', 'HP', 'Elite Desk 705 G1 SFF', 'MXL4460W0H', NULL, NULL, NULL, NULL, NULL, NULL, NULL, NULL, NULL, NULL, NULL, NULL, NULL, NULL, '2014-12-01', '2019-12-01', 1, '', '2018-06-27 00:18:08', '2018-06-27 00:18:08'),
	(62, 1, NULL, '6º Nivel - Sala de Juntas Dirección', 19, 41, '03-530-08582', 'HP', 'Elite Desk 705 G1 SFF', 'MXL4460W3B', NULL, NULL, NULL, NULL, NULL, NULL, NULL, NULL, NULL, NULL, NULL, NULL, NULL, NULL, '2014-12-01', '2019-12-01', 1, '', '2018-06-27 00:18:08', '2018-06-27 00:18:08'),
	(63, 1, NULL, '6º Nivel - Sala de Juntas Dirección', 19, 41, '03-530-08583', 'HP', 'Elite Desk 705 G1 SFF', 'MXL4452PB1', NULL, NULL, NULL, NULL, NULL, NULL, NULL, NULL, NULL, NULL, NULL, NULL, NULL, NULL, '2014-12-01', '2019-12-01', 1, '', '2018-06-27 00:18:08', '2018-06-27 00:18:08'),
	(64, 1, NULL, '6º Nivel - despacho endocrinologia', 19, 45, '03-530-08584', 'HP', 'Elite Desk 705 G1 SFF', 'MXL4452PCK', NULL, NULL, NULL, NULL, NULL, NULL, NULL, NULL, NULL, NULL, NULL, NULL, NULL, NULL, '2014-12-01', '2019-12-01', 1, '', '2018-06-27 00:18:08', '2018-06-27 00:18:08'),
	(65, 1, NULL, '6º Nivel - Administrador', 21, 47, '03-530-05883', 'DELL', 'OPTIPLEX 780', 'D688NN1', NULL, NULL, NULL, NULL, NULL, NULL, NULL, NULL, NULL, NULL, NULL, NULL, NULL, NULL, '0201-12-06', '2013-12-06', 1, '', '2018-06-27 00:18:08', '2018-06-27 00:18:08'),
	(66, 1, NULL, '6º Nivel - Secretaria de Administrador', 21, 48, '03-530-04178', 'HP', 'dc5750 SFF', 'MXJ72904GG', NULL, NULL, NULL, NULL, NULL, NULL, NULL, NULL, NULL, NULL, NULL, NULL, NULL, NULL, '2007-08-10', '2008-08-10', 2, '', '2018-06-27 00:18:08', '2018-06-27 00:18:08'),
	(67, 1, NULL, '6º Nivel - Departamento de Personal', 21, 49, '03-530-04174', 'HP', 'dc5750 SFF', 'MXJ72904BK', NULL, NULL, NULL, NULL, NULL, NULL, NULL, NULL, NULL, NULL, NULL, NULL, NULL, NULL, '2007-08-10', '2008-08-10', 2, '', '2018-06-27 00:18:08', '2018-06-27 00:18:08'),
	(68, 1, NULL, '6º Nivel - Departamento de Personal', 21, 49, '03-530-04462', 'LENOVO', '9120-A18', 'LKVVYW3', NULL, NULL, NULL, NULL, NULL, NULL, NULL, NULL, NULL, NULL, NULL, NULL, NULL, NULL, '2007-11-06', '2008-11-06', 2, '', '2018-06-27 00:18:08', '2018-06-27 00:18:08'),
	(69, 1, NULL, '6º Nivel - Departamento de Compras', 21, 50, '03-530-03147', 'HP', 'dc5000 SFF', 'MXJ51603ZY', NULL, NULL, NULL, NULL, NULL, NULL, NULL, NULL, NULL, NULL, NULL, NULL, NULL, NULL, '2005-05-12', '2008-05-12', 2, 'Monitor LCD AOC 15"\r\n', '2018-06-27 00:18:08', '2018-06-27 00:18:08'),
	(70, 1, NULL, '6º Nivel - Estadística', 21, 51, '03-530-02908', 'HP', 'dc5000 SFF', 'MXJ51604MF', NULL, NULL, NULL, NULL, NULL, NULL, NULL, NULL, NULL, NULL, NULL, NULL, NULL, NULL, '2005-05-12', '2008-05-12', 2, 'Monitor LCD Benq 15 \'\'\r\n', '2018-06-27 00:18:08', '2018-06-27 00:18:08'),
	(71, 1, NULL, '6º Nivel - Estadística', 21, 52, '03-530-02923', 'HP', 'dc5000 SFF', 'MXJ51604FR', NULL, NULL, NULL, NULL, NULL, NULL, NULL, NULL, NULL, NULL, NULL, NULL, NULL, NULL, '2005-05-12', '2008-05-12', 2, 'Monitor LCD Benq 15 \'\'\r\n', '2018-06-27 00:18:08', '2018-06-27 00:18:08'),
	(72, 1, NULL, '6º Nivel - Fondo Circulante', 21, 53, '03-530-04180', 'HP', 'dc5750 SFF', 'MXJ72904D4', NULL, NULL, NULL, NULL, NULL, NULL, NULL, NULL, NULL, NULL, NULL, NULL, NULL, NULL, '2007-08-10', '2008-08-10', 2, 'Descarte de monitor CRT el 11/08/2015\r\n', '2018-06-27 00:18:08', '2018-06-27 00:18:08'),
	(73, 1, NULL, '1º Nivel - Agenda Médica', 22, 54, '03-530-05887', 'DELL', 'OPTIPLEX 780', 'D2L9NN1', NULL, NULL, NULL, NULL, NULL, NULL, NULL, NULL, NULL, NULL, NULL, NULL, NULL, NULL, '2010-12-06', '2013-12-06', 1, '', '2018-06-27 00:18:08', '2018-06-27 00:18:08'),
	(74, 1, NULL, '6º Nivel - Agenda Médica', 21, 158, '03-530-06737', 'DELL', 'OPTIPLEX 780', 'DDHR9P1', NULL, NULL, NULL, NULL, NULL, NULL, NULL, NULL, NULL, NULL, NULL, NULL, NULL, NULL, '2010-12-06', '2013-12-06', 1, '', '2018-06-27 00:18:08', '2018-06-27 00:18:08'),
	(75, 1, NULL, '6º Nivel - Presupuesto', 21, 160, '03-530-08410', 'HP', 'Elite Desk 705 G1 SFF', 'MXL4452PFJ', NULL, NULL, NULL, NULL, NULL, NULL, NULL, NULL, NULL, NULL, NULL, NULL, NULL, NULL, '2014-12-01', '2019-12-01', 1, '"ANTES UBICADA EN C3 REUMATOLOGIA\r\nSerie teclado: BDMEP0AHH6W0CD\r\nSerie mouse: FCMHF0AHD7F1J1\r\nSerie monitor: 6CM4271DZT"\r\n', '2018-06-27 00:18:08', '2018-06-27 00:18:08'),
	(76, 2, NULL, '6º Nivel - Administración', 21, 47, '03-530-08644', 'HP', '', '', NULL, NULL, NULL, NULL, NULL, NULL, NULL, NULL, NULL, NULL, NULL, NULL, NULL, NULL, '2016-02-02', '2018-02-02', 1, '', '2018-06-27 00:18:08', '2018-06-27 00:18:08'),
	(77, 11, NULL, '6º Nivel - Jefatura  de Enfermería', 23, 55, '03-530-05893', 'DELL', 'OPTIPLEX 780', 'D6JBNN1', NULL, NULL, NULL, NULL, NULL, NULL, NULL, NULL, NULL, NULL, NULL, NULL, NULL, NULL, '2010-12-06', '2013-12-06', 1, '', '2018-06-27 00:18:09', '2018-06-27 00:18:09'),
	(78, 1, NULL, '6º Nivel - Supervisión de Enfermería', 23, 56, '03-530-07614', 'HP', 'Elite Desk 705 G1 SFF', 'MXL446094V', NULL, NULL, NULL, NULL, NULL, NULL, NULL, NULL, NULL, NULL, NULL, NULL, NULL, NULL, '2014-12-01', '2019-12-01', 1, '"Serie teclado: BDMEP0CCP6W092\r\nSerie mouse: FCMHF0AHD7HSUP\r\nSerie monitor: 6CM42925V8"\r\n', '2018-06-27 00:18:09', '2018-06-27 00:18:09'),
	(79, 1, NULL, '6º Nivel - Supervisión de Enfermería', 23, 57, '03-530-04463', 'LENOVO', '9120-A18', 'LKVVYY0', NULL, NULL, NULL, NULL, NULL, NULL, NULL, NULL, NULL, NULL, NULL, NULL, NULL, NULL, '2007-11-06', '2008-11-06', 2, 'Mouse Genius\r\n', '2018-06-27 00:18:09', '2018-06-27 00:18:09'),
	(80, 1, NULL, '6º Nivel - Secretaria de Jefatura  de Enfermería', 23, 58, '03-530-05894', 'DELL', 'OPTIPLEX 780', 'D2H9NN1', NULL, NULL, NULL, NULL, NULL, NULL, NULL, NULL, NULL, NULL, NULL, NULL, NULL, NULL, '2010-12-06', '2013-12-06', 1, '', '2018-06-27 00:18:09', '2018-06-27 00:18:09'),
	(81, 1, NULL, '6º Nivel - Secretaria de Jefatura de Trabajo Social ', 15, 59, '03-530-02895', 'HP', 'dc5000 SFF', 'MXJ516043Z', NULL, NULL, NULL, NULL, NULL, NULL, NULL, NULL, NULL, NULL, NULL, NULL, NULL, NULL, '2005-05-12', '2008-05-12', 2, '"Monitor LCD AOC 15"" \r\nNo. de inventario 03-533-00168 (Por descarte de monitor 03-530-02895 d/f 22/01/2013)"\r\n', '2018-06-27 00:18:09', '2018-06-27 00:18:09'),
	(82, 1, NULL, '6º Nivel - Jefatura de Trabajo Social', 15, 60, '03-530-02904', 'HP', 'dc5000 SFF', 'MXJ51604F4', NULL, NULL, NULL, NULL, NULL, NULL, NULL, NULL, NULL, NULL, NULL, NULL, NULL, NULL, '2005-05-12', '2008-05-12', 2, 'Monitor LCD AOC 15\'\' \r\n', '2018-06-27 00:18:09', '2018-06-27 00:18:09'),
	(83, 1, NULL, '6º Nivel - Jefatura de Consulta Externa', 12, 61, '03-530-02917', 'HP', 'dc5000 SFF', 'MXJ51604FK', NULL, NULL, NULL, NULL, NULL, NULL, NULL, NULL, NULL, NULL, NULL, NULL, NULL, NULL, '2005-05-12', '2008-05-12', 2, 'Monitor LCD AOC 15\'\'\r\n', '2018-06-27 00:18:09', '2018-06-27 00:18:09'),
	(84, 1, NULL, '6º Nivel - Jefatura Médica de Endocrinología', 12, 62, '03-530-02902', 'HP', 'dc5000 SFF', 'MXJ51604DK', NULL, NULL, NULL, NULL, NULL, NULL, NULL, NULL, NULL, NULL, NULL, NULL, NULL, NULL, '2005-05-12', '2008-05-12', 1, '"Teclado Genius\r\nMonitor CRT descartado 23/04/2015"\r\n', '2018-06-27 00:18:09', '2018-06-27 00:18:09'),
	(85, 1, NULL, '6º Nivel - Secretaria de Jefatura Consulta Externa', 12, 63, '03-530-02913', 'HP', 'dc5000 SFF', 'MXJ51604KS', NULL, NULL, NULL, NULL, NULL, NULL, NULL, NULL, NULL, NULL, NULL, NULL, NULL, NULL, '2005-05-12', '2008-05-12', 2, 'Monitor LCD AOC 15\'\'\r\n', '2018-06-27 00:18:09', '2018-06-27 00:18:09'),
	(86, 1, NULL, '6º Nivel - Trabajo Social', 15, 64, '03-530-07618', 'HP', 'Elite Desk 705 G1 SFF', 'MXL44608WC', NULL, NULL, NULL, NULL, NULL, NULL, NULL, NULL, NULL, NULL, NULL, NULL, NULL, NULL, '2014-12-01', '2019-12-01', 1, '', '2018-06-27 00:18:09', '2018-06-27 00:18:09'),
	(87, 1, NULL, '6º Nivel - Recepción1 de Endocrinología ', 12, 65, '03-530-07612', 'HP', 'Elite Desk 705 G1 SFF', 'MXL446096S', NULL, NULL, NULL, NULL, NULL, NULL, NULL, NULL, NULL, NULL, NULL, NULL, NULL, NULL, '2014-12-01', '2019-12-01', 1, '"Serie teclado: BDMEP0AHH6X17U\r\nSerie mouse: FCMHF0AHD7HROI\r\nSerie monitor: 3CQ4270LGN"\r\n', '2018-06-27 00:18:09', '2018-06-27 00:18:09'),
	(88, 1, NULL, '6º Nivel - Preparación de Pacientes', 12, 66, '03-530-08561', 'HP', 'Elite Desk 705 G1 SFF', 'MXL4460WC6', NULL, NULL, NULL, NULL, NULL, NULL, NULL, NULL, NULL, NULL, NULL, NULL, NULL, NULL, '2014-12-01', '2019-12-01', 1, '', '2018-06-27 00:18:09', '2018-06-27 00:18:09'),
	(89, 1, NULL, '6º Nivel - Recepción de Neurocirugía', 25, 67, '03-530-07604', 'HP', 'Elite Desk 705 G1 SFF', 'MXL446093B', NULL, NULL, NULL, NULL, NULL, NULL, NULL, NULL, NULL, NULL, NULL, NULL, NULL, NULL, '2014-12-01', '2019-12-01', 1, '', '2018-06-27 00:18:09', '2018-06-27 00:18:09'),
	(90, 1, NULL, '6º Nivel - Clínica 1 Neurocirugía', 25, 68, '03-530-08578', 'HP', 'Elite Desk 705 G1 SFF', 'MXL4460913', NULL, NULL, NULL, NULL, NULL, NULL, NULL, NULL, NULL, NULL, NULL, NULL, NULL, NULL, '2014-12-01', '2019-12-01', 1, '', '2018-06-27 00:18:09', '2018-06-27 00:18:09'),
	(91, 1, NULL, '6º Nivel - Clínica 2 Neurocirugía', 25, 69, '03-530-08579', 'HP', 'Elite Desk 705 G1 SFF', 'MXL4460970', NULL, NULL, NULL, NULL, NULL, NULL, NULL, NULL, NULL, NULL, NULL, NULL, NULL, NULL, '2014-12-01', '2019-12-01', 1, '', '2018-06-27 00:18:09', '2018-06-27 00:18:09'),
	(92, 1, NULL, '6º Nivel - Clínica 3 Neurocirugía', 25, 70, '03-530-08580', 'HP', 'Elite Desk 705 G1 SFF', 'MXL4460W38', NULL, NULL, NULL, NULL, NULL, NULL, NULL, NULL, NULL, NULL, NULL, NULL, NULL, NULL, '2014-12-01', '2019-12-01', 1, '', '2018-06-27 00:18:09', '2018-06-27 00:18:09'),
	(93, 1, NULL, '6º Nivel - Clínica 4 Neurocirugía', 25, 71, '03-530-08577', 'HP', 'Elite Desk 705 G1 SFF', 'MXL446090K', NULL, NULL, NULL, NULL, NULL, NULL, NULL, NULL, NULL, NULL, NULL, NULL, NULL, NULL, '2014-12-01', '2019-12-01', 1, '', '2018-06-27 00:18:09', '2018-06-27 00:18:09'),
	(94, 1, NULL, '6º Nivel - Clínica 5 Neurocirugía', 31, 120, '03-530-08572', 'HP', 'Elite Desk 705 G1 SFF', 'MXL44608WP', NULL, NULL, NULL, NULL, NULL, NULL, NULL, NULL, NULL, NULL, NULL, NULL, NULL, NULL, '2014-12-01', '2019-12-01', 1, '', '2018-06-27 00:18:09', '2018-06-27 00:18:09'),
	(95, 1, NULL, '6º Nivel - Recepción de Nefrología', 26, 74, '03-530-07603', 'HP', 'Elite Desk 705 G1 SFF', 'MXL4460924', NULL, NULL, NULL, NULL, NULL, NULL, NULL, NULL, NULL, NULL, NULL, NULL, NULL, NULL, '2014-12-01', '2019-12-01', 1, '', '2018-06-27 00:18:08', '2018-06-27 00:18:08'),
	(96, 1, NULL, '6º Nivel - Clínica 1 Nefrología', 27, 75, '03-530-08562', 'HP', 'Elite Desk 705 G1 SFF', 'MXL4452P84', NULL, NULL, NULL, NULL, NULL, NULL, NULL, NULL, NULL, NULL, NULL, NULL, NULL, NULL, '2014-12-01', '2019-12-01', 1, '', '2018-06-27 00:18:09', '2018-06-27 00:18:09'),
	(97, 1, NULL, '6º Nivel - Clínica 2 Nefrología', 27, 76, '03-530-08570', 'HP', 'Elite Desk 705 G1 SFF', 'MXL44608W5', NULL, NULL, NULL, NULL, NULL, NULL, NULL, NULL, NULL, NULL, NULL, NULL, NULL, NULL, '2014-12-01', '2019-12-01', 1, '', '2018-06-27 00:18:09', '2018-06-27 00:18:09'),
	(98, 1, NULL, '6º Nivel - Clínica 3 Nefrología', 27, 77, '03-530-08568', 'HP', 'Elite Desk 705 G1 SFF', 'MXL4452P52', NULL, NULL, NULL, NULL, NULL, NULL, NULL, NULL, NULL, NULL, NULL, NULL, NULL, NULL, '2014-12-01', '2019-12-01', 1, '', '2018-06-27 00:18:09', '2018-06-27 00:18:09'),
	(99, 1, NULL, '6º Nivel - Clínica 4 Nefrología', 27, 78, '03-530-08571', 'HP', 'Elite Desk 705 G1 SFF', 'MXL4460W09', NULL, NULL, NULL, NULL, NULL, NULL, NULL, NULL, NULL, NULL, NULL, NULL, NULL, NULL, '2014-12-01', '2019-12-01', 1, '', '2018-06-27 00:18:09', '2018-06-27 00:18:09'),
	(100, 1, NULL, '6º Nivel - Recepción de Neurología', 27, 79, '03-530-07599', 'HP', 'Elite Desk 705 G1 SFF', 'MXL4452P65', NULL, NULL, NULL, NULL, NULL, NULL, NULL, NULL, NULL, NULL, NULL, NULL, NULL, NULL, '2014-12-01', '2019-12-01', 1, '', '2018-06-27 00:18:09', '2018-06-27 00:18:09'),
	(101, 1, NULL, '6º Nivel -  Clínica 1 Neurología', 27, 80, '03-530-08439', 'HP', 'Elite Desk 705 G1 SFF', 'MXL4452PC7', NULL, NULL, NULL, NULL, NULL, NULL, NULL, NULL, NULL, NULL, NULL, NULL, NULL, NULL, '2014-12-01', '2019-12-01', 1, '"Serie teclado: BDMEP0AHH6W0CF\r\nSerie mouse: FCMHF0AHD7H3VI\r\nSerie monitor: 3CQ4281DKZ"\r\n', '2018-06-27 00:18:09', '2018-06-27 00:18:09'),
	(102, 1, NULL, '6º Nivel -  Clínica 2 Neurología', 27, 81, '03-530-08574', 'HP', 'Elite Desk 705 G1 SFF', 'MXL44608VN', NULL, NULL, NULL, NULL, NULL, NULL, NULL, NULL, NULL, NULL, NULL, NULL, NULL, NULL, '2014-12-01', '2019-12-01', 1, '', '2018-06-27 00:18:09', '2018-06-27 00:18:09'),
	(103, 1, NULL, '6º Nivel -  Clínica 3 Neurología', 27, 82, '03-530-08575', 'HP', 'Elite Desk 705 G1 SFF', 'MXL4460W4M', NULL, NULL, NULL, NULL, NULL, NULL, NULL, NULL, NULL, NULL, NULL, NULL, NULL, NULL, '2014-12-01', '2019-12-01', 1, '', '2018-06-27 00:18:09', '2018-06-27 00:18:09'),
	(104, 1, NULL, '6º Nivel -  Clínica 4 Neurología', 27, 83, '03-530-08576', 'HP', 'Elite Desk 705 G1 SFF', 'MXL4452PDC', NULL, NULL, NULL, NULL, NULL, NULL, NULL, NULL, NULL, NULL, NULL, NULL, NULL, NULL, '2014-12-01', '2019-12-01', 1, '', '2018-06-27 00:18:09', '2018-06-27 00:18:09'),
	(105, 1, NULL, '6º Nivel - Recepción2 de Endocrinología', 12, 84, '03-530-07613', 'HP', 'Elite Desk 705 G1 SFF', 'MXL4452P4G', NULL, NULL, NULL, NULL, NULL, NULL, NULL, NULL, NULL, NULL, NULL, NULL, NULL, NULL, '2014-12-01', '2019-12-01', 1, '"Serie teclado: BDMEP0AHH6W0CM\r\nSerie mouse: FCMHF0AHD7GB9K\r\nSerie monitor: 3CQ4281F6P"\r\n', '2018-06-27 00:18:09', '2018-06-27 00:18:09'),
	(106, 1, NULL, '6º Nivel - Clínica 1 Endocrinología', 12, 85, '03-530-08564', 'HP', 'Elite Desk 705 G1 SFF', 'MXL4460W27', NULL, NULL, NULL, NULL, NULL, NULL, NULL, NULL, NULL, NULL, NULL, NULL, NULL, NULL, '2014-12-01', '2019-12-01', 1, '', '2018-06-27 00:18:09', '2018-06-27 00:18:09'),
	(107, 1, NULL, '6º Nivel - Clínica 2 Endocrinología', 12, 86, '03-530-08563', 'HP', 'Elite Desk 705 G1 SFF', 'MXL4452P6L', NULL, NULL, NULL, NULL, NULL, NULL, NULL, NULL, NULL, NULL, NULL, NULL, NULL, NULL, '2014-12-01', '2019-12-01', 1, '', '2018-06-27 00:18:09', '2018-06-27 00:18:09'),
	(108, 1, NULL, '6º Nivel - Clínica 3 Endocrinología', 12, 87, '03-530-08566', 'HP', 'Elite Desk 705 G1 SFF', 'MXL44608WQ', NULL, NULL, NULL, NULL, NULL, NULL, NULL, NULL, NULL, NULL, NULL, NULL, NULL, NULL, '2014-12-01', '2019-12-01', 1, '', '2018-06-27 00:18:09', '2018-06-27 00:18:09'),
	(109, 1, NULL, '6º Nivel - Clínica 4 Endocrinología', 12, 90, '03-530-08567', 'HP', 'Elite Desk 705 G1 SFF', 'MXL4460W0R', NULL, NULL, NULL, NULL, NULL, NULL, NULL, NULL, NULL, NULL, NULL, NULL, NULL, NULL, '2014-12-01', '2019-12-01', 1, '', '2018-06-27 00:18:09', '2018-06-27 00:18:09'),
	(110, 1, NULL, '6º Nivel - Clínica 5 Endocrinología', 12, 89, '03-530-08569', 'HP', 'Elite Desk 705 G1 SFF', 'MXL4452PCT', NULL, NULL, NULL, NULL, NULL, NULL, NULL, NULL, NULL, NULL, NULL, NULL, NULL, NULL, '2014-12-01', '2019-12-01', 1, '', '2018-06-27 00:18:09', '2018-06-27 00:18:09'),
	(111, 1, NULL, '6º Nivel - Clínica 6 Endocrinología', 12, 87, '03-530-08565', 'HP', 'Elite Desk 705 G1 SFF', 'MXL4452PBX', NULL, NULL, NULL, NULL, NULL, NULL, NULL, NULL, NULL, NULL, NULL, NULL, NULL, NULL, '2014-12-01', '2019-12-01', 1, '', '2018-06-27 00:18:09', '2018-06-27 00:18:09'),
	(112, 1, NULL, '5º Nivel - Jefatura de Consulta Externa', 29, 104, '03-530-02893', 'HP', 'dc5000 SFF', 'MXJ516045B', NULL, NULL, NULL, NULL, NULL, NULL, NULL, NULL, NULL, NULL, NULL, NULL, NULL, NULL, '2014-07-01', '2019-07-01', 2, 'Monitor CRT Starview 15\'\' descartado 22/06/2015, pc descartada\r\n', '2018-06-27 00:18:09', '2018-06-27 00:18:09'),
	(113, 1, NULL, '5º Nivel - Oficina Jefatura de C. Ext. (Preparación de pacientes)', 29, 91, '03-530-08553', 'HP', 'Elite Desk 705 G1 SFF', 'MXL4460W2C', NULL, NULL, NULL, NULL, NULL, NULL, NULL, NULL, NULL, NULL, NULL, NULL, NULL, NULL, '2014-07-01', '2019-07-01', 1, '', '2018-06-27 00:18:09', '2018-06-27 00:18:09'),
	(114, 1, NULL, '5º Nivel - Secretaria de Jefatura Consulta Externa', 29, 92, '03-530-05891', 'DELL', 'OPTIPLEX 780', 'D56BNN1', NULL, NULL, NULL, NULL, NULL, NULL, NULL, NULL, NULL, NULL, NULL, NULL, NULL, NULL, '2010-12-06', '2013-12-06', 1, '', '2018-06-27 00:18:09', '2018-06-27 00:18:09'),
	(115, 12, NULL, '5º Nivel - Trabajo Social', 15, 128, '03-530-07619', 'HP', 'Elite Desk 705 G1 SFF', 'MXL4452P4M', NULL, NULL, NULL, NULL, NULL, NULL, NULL, NULL, NULL, NULL, NULL, NULL, NULL, NULL, '2014-12-01', '2019-12-01', 1, '', '2018-06-27 00:18:09', '2018-06-27 00:18:09'),
	(116, 1, NULL, '5º Nivel - Otorgamiento de Citas Oftalmología', 29, 94, '03-530-07601', 'HP', 'Elite Desk 705 G1 SFF', 'MXL4460BM9', NULL, NULL, NULL, NULL, NULL, NULL, NULL, NULL, NULL, NULL, NULL, NULL, NULL, NULL, '2014-12-01', '2019-12-01', 1, '', '2018-06-27 00:18:09', '2018-06-27 00:18:09'),
	(117, 1, NULL, '5º Nivel - Clínica 1 ', 29, 95, '03-530-08538', 'HP', 'Elite Desk 705 G1 SFF', 'MXL4452P7Y', NULL, NULL, NULL, NULL, NULL, NULL, NULL, NULL, NULL, NULL, NULL, NULL, NULL, NULL, '2014-12-01', '2019-12-01', 1, '', '2018-06-27 00:18:09', '2018-06-27 00:18:09'),
	(118, 1, NULL, '5º Nivel - Clínica 3', 29, 96, '03-530-08540', 'HP', 'Elite Desk 705 G1 SFF', 'MXL4452P83', NULL, NULL, NULL, NULL, NULL, NULL, NULL, NULL, NULL, NULL, NULL, NULL, NULL, NULL, '2014-12-01', '2019-12-01', 1, '', '2018-06-27 00:18:09', '2018-06-27 00:18:09'),
	(119, 1, NULL, '5º Nivel - Clínica 4', 29, 97, '03-530-08542', 'HP', 'Elite Desk 705 G1 SFF', 'MXL4460W1C', NULL, NULL, NULL, NULL, NULL, NULL, NULL, NULL, NULL, NULL, NULL, NULL, NULL, NULL, '2014-12-01', '2019-12-01', 1, '', '2018-06-27 00:18:09', '2018-06-27 00:18:09'),
	(120, 1, NULL, '5º Nivel - Clínica 5', 29, 98, '03-530-08543', 'HP', 'Elite Desk 705 G1 SFF', 'MXL44608VJ', NULL, NULL, NULL, NULL, NULL, NULL, NULL, NULL, NULL, NULL, NULL, NULL, NULL, NULL, '2014-12-01', '2019-12-01', 1, '', '2018-06-27 00:18:09', '2018-06-27 00:18:09'),
	(121, 1, NULL, '5º Nivel - Clínica 6', 29, 99, '03-530-08544', 'HP', 'Elite Desk 705 G1 SFF', 'MXL4460W3J', NULL, NULL, NULL, NULL, NULL, NULL, NULL, NULL, NULL, NULL, NULL, NULL, NULL, NULL, '2014-12-01', '2019-12-01', 1, '', '2018-06-27 00:18:09', '2018-06-27 00:18:09'),
	(122, 1, NULL, '5º Nivel - Clínica 7', 29, 100, '03-530-08545', 'HP', 'Elite Desk 705 G1 SFF', 'MXL4452PCQ', NULL, NULL, NULL, NULL, NULL, NULL, NULL, NULL, NULL, NULL, NULL, NULL, NULL, NULL, '2014-12-01', '2019-12-01', 1, '', '2018-06-27 00:18:09', '2018-06-27 00:18:09'),
	(123, 1, NULL, '5º Nivel - Clínica 8', 29, 101, '03-530-08546', 'HP', 'Elite Desk 705 G1 SFF', 'MXL446095K', NULL, NULL, NULL, NULL, NULL, NULL, NULL, NULL, NULL, NULL, NULL, NULL, NULL, NULL, '2014-12-01', '2019-12-01', 1, '', '2018-06-27 00:18:09', '2018-06-27 00:18:09'),
	(124, 1, NULL, '5º Nivel - Clínica 9', 29, 102, '03-530-08550', 'HP', 'Elite Desk 705 G1 SFF', 'MXL4452P7Q', NULL, NULL, NULL, NULL, NULL, NULL, NULL, NULL, NULL, NULL, NULL, NULL, NULL, NULL, '2014-12-01', '2019-12-01', 1, '', '2018-06-27 00:18:09', '2018-06-27 00:18:09'),
	(125, 1, NULL, '5º Nivel - Clínica 10', 29, 103, '03-530-08551', 'HP', 'Elite Desk 705 G1 SFF', 'MXL4460W0L', NULL, NULL, NULL, NULL, NULL, NULL, NULL, NULL, NULL, NULL, NULL, NULL, NULL, NULL, '2014-12-01', '2019-12-01', 1, '', '2018-06-27 00:18:09', '2018-06-27 00:18:09'),
	(126, 1, NULL, '5º Nivel - Clínica 11', 29, 104, '03-530-08552', 'HP', 'Elite Desk 705 G1 SFF', 'MXL4452P5G', NULL, NULL, NULL, NULL, NULL, NULL, NULL, NULL, NULL, NULL, NULL, NULL, NULL, NULL, '2014-12-01', '2019-12-01', 1, '', '2018-06-27 00:18:09', '2018-06-27 00:18:09'),
	(127, 1, NULL, '5º Nivel - Toma de Visión', 29, 105, '03-530-08554', 'HP', 'Elite Desk 705 G1 SFF', 'MXL4460W54', NULL, NULL, NULL, NULL, NULL, NULL, NULL, NULL, NULL, NULL, NULL, NULL, NULL, NULL, '2014-12-01', '2019-12-01', 1, '', '2018-06-27 00:18:09', '2018-06-27 00:18:09'),
	(128, 1, NULL, '5º Nivel - Recepción1 Oftalmología', 29, 106, '03-530-07607', 'HP', 'Elite Desk 705 G1 SFF', 'MXL4460BJ9', NULL, NULL, NULL, NULL, NULL, NULL, NULL, NULL, NULL, NULL, NULL, NULL, NULL, NULL, '2014-12-01', '2019-12-01', 1, '', '2018-06-27 00:18:09', '2018-06-27 00:18:09'),
	(129, 1, NULL, '5º Nivel - Clínica de Emergencias Oftalmológicas', 29, 107, '03-530-05895', 'DELL', 'OPTIPLEX 780', 'D2HDNN1', NULL, NULL, NULL, NULL, NULL, NULL, NULL, NULL, NULL, NULL, NULL, NULL, NULL, NULL, '2010-12-06', '2013-12-06', 1, '', '2018-06-27 00:18:09', '2018-06-27 00:18:09'),
	(130, 1, NULL, '5º Nivel - Recepción2 Oftalmología5º Nivel - Recepción2 Oftalmología', 29, 108, '03-530-07600', 'HP', 'Elite Desk 705 G1 SFF', 'MXL4460WCY', NULL, NULL, NULL, NULL, NULL, NULL, NULL, NULL, NULL, NULL, NULL, NULL, NULL, NULL, '2014-12-01', '2019-12-01', 1, '', '2018-06-27 00:18:09', '2018-06-27 00:18:09'),
	(131, 1, NULL, '5º Nivel - Recepción3 Oftalmología', 29, 109, '03-530-07616', 'HP', 'Elite Desk 705 G1 SFF', 'MXL4452P4W', NULL, NULL, NULL, NULL, NULL, NULL, NULL, NULL, NULL, NULL, NULL, NULL, NULL, NULL, '2014-12-01', '2019-12-01', 1, '', '2018-06-27 00:18:09', '2018-06-27 00:18:09'),
	(132, 1, NULL, '5º Nivel - Recepción4 Oftalmología', 29, 110, '03-530-07615', 'HP', 'Elite Desk 705 G1 SFF', 'MXL4460BMV', NULL, NULL, NULL, NULL, NULL, NULL, NULL, NULL, NULL, NULL, NULL, NULL, NULL, NULL, '2014-12-01', '2019-12-01', 1, '', '2018-06-27 00:18:09', '2018-06-27 00:18:09'),
	(133, 1, NULL, '5º Nivel - jefatura Médica de Oftalmología', 29, 111, '03-530-02886', 'HP', 'dc5000 SFF', 'MXJ516045M', NULL, NULL, NULL, NULL, NULL, NULL, NULL, NULL, NULL, NULL, NULL, NULL, NULL, NULL, '2005-05-12', '2008-05-12', 2, 'Monitor CRT descartado el 10/09/2015\r\n', '2018-06-27 00:18:09', '2018-06-27 00:18:09'),
	(134, 1, NULL, '5º Nivel - Rayos X  Jefatura ', 30, 112, '03-530-06256', 'DELL', 'OPTIPLEX 780', 'D5BFNN1', NULL, NULL, NULL, NULL, NULL, NULL, NULL, NULL, NULL, NULL, NULL, NULL, NULL, NULL, '2010-12-06', '2013-12-06', 1, '', '2018-06-27 00:18:09', '2018-06-27 00:18:09'),
	(135, 1, NULL, '5º Nivel - Rayos X Secretaria de Jefatura  ', 30, 113, '03-530-02921', 'HP', 'dc5000 SFF', 'MXJ51604DL', NULL, NULL, NULL, NULL, NULL, NULL, NULL, NULL, NULL, NULL, NULL, NULL, NULL, NULL, '2005-05-12', '2008-05-12', 2, 'Monitor LCD AOC 15 \'\'\r\n', '2018-06-27 00:18:09', '2018-06-27 00:18:09'),
	(136, 1, NULL, '5º Nivel - Rayos X Jefatura Médica', 30, 114, '03-530-02752', 'HP', 'dc5000 SFF', 'MXJ51604KZ', NULL, NULL, NULL, NULL, NULL, NULL, NULL, NULL, NULL, NULL, NULL, NULL, NULL, NULL, '2005-05-12', '2008-05-12', 2, '"Monitor LCD AOC 15 \'\' \r\nNo. Inventtario 03-533-00289"\r\n', '2018-06-27 00:18:09', '2018-06-27 00:18:09'),
	(137, 1, NULL, '5º Nivel - Rayos X Transcripción', 30, 115, '03-530-06257', 'DELL', 'OPTIPLEX 780', 'D5CDNN1', NULL, NULL, NULL, NULL, NULL, NULL, NULL, NULL, NULL, NULL, NULL, NULL, NULL, NULL, '2010-12-06', '2013-12-06', 1, '', '2018-06-27 00:18:09', '2018-06-27 00:18:09'),
	(138, 1, NULL, '5º Nivel - Rayos X Transcripción', 30, 116, '03-530-06255', 'DELL', 'OPTIPLEX 780', 'D4Q9NN1', NULL, NULL, NULL, NULL, NULL, NULL, NULL, NULL, NULL, NULL, NULL, NULL, NULL, NULL, '2010-12-06', '2013-12-06', 1, '', '2018-06-27 00:18:09', '2018-06-27 00:18:09'),
	(139, 1, NULL, '5º Nivel - Rayos X Archivo', 30, 117, '03-530-02889', 'HP', 'dc5000 SFF', 'MXJ516044L', NULL, NULL, NULL, NULL, NULL, NULL, NULL, NULL, NULL, NULL, NULL, NULL, NULL, NULL, '2005-05-12', '2008-05-12', 2, '', '2018-06-27 00:18:09', '2018-06-27 00:18:09'),
	(140, 1, NULL, '5º Nivel - Rayos X Recepción ', 30, 118, '03-530-02900', 'HP', 'dc5000 SFF', 'MXJ51604FJ', NULL, NULL, NULL, NULL, NULL, NULL, NULL, NULL, NULL, NULL, NULL, NULL, NULL, NULL, '2005-05-12', '2008-05-12', 2, '', '2018-06-27 00:18:09', '2018-06-27 00:18:09'),
	(141, 1, NULL, '5º Nivel - Rayos X Recepción ', 30, 119, '03-530-02899', 'HP', 'dc5000 SFF', 'MXJ516043R', NULL, NULL, NULL, NULL, NULL, NULL, NULL, NULL, NULL, NULL, NULL, NULL, NULL, NULL, '2005-05-12', '2008-05-12', 2, '', '2018-06-27 00:18:09', '2018-06-27 00:18:09'),
	(142, 1, NULL, '4º Nivel - Jefatura de Consulta Externa', 31, 120, '03-530-02903', 'HP', 'dc5000 SFF', 'MXJ5160445', NULL, NULL, NULL, NULL, NULL, NULL, NULL, NULL, NULL, NULL, NULL, NULL, NULL, NULL, '2005-05-12', '2008-05-12', 2, '"Mouse Genuis\r\nMonitor dañado almacenado en recepción de emergencias de otorrino.\r\nMonitor 03-533-00290"\r\n', '2018-06-27 00:18:09', '2018-06-27 00:18:09'),
	(143, 1, NULL, '4º Nivel - Secretaria de Jefatura Consulta Externa', 31, 121, '03-530-05889', 'DELL', 'OPTIPLEX 780', 'D66FNN1', NULL, NULL, NULL, NULL, NULL, NULL, NULL, NULL, NULL, NULL, NULL, NULL, NULL, NULL, '2010-12-06', '2013-12-10', 1, '', '2018-06-27 00:18:09', '2018-06-27 00:18:09'),
	(144, 1, NULL, '4º Nivel - Jefaturas Médicas de Cardiología, Urología, Otorrino.', 18, 122, '03-530-07608', 'HP', 'Elite Desk 705 G1 SFF', 'MXL4460BMN', NULL, NULL, NULL, NULL, NULL, NULL, NULL, NULL, NULL, NULL, NULL, NULL, NULL, NULL, '2014-12-01', '2019-12-01', 1, '', '2018-06-27 00:18:09', '2018-06-27 00:18:09'),
	(145, 1, NULL, '4º Nivel - Trabajo Social', 15, 125, '03-530-07621', 'HP', 'Elite Desk 705 G1 SFF', 'MXL4460BHJ', NULL, NULL, NULL, NULL, NULL, NULL, NULL, NULL, NULL, NULL, NULL, NULL, NULL, NULL, '2014-12-06', '2019-12-01', 1, '', '2018-06-27 00:18:09', '2018-06-27 00:18:09'),
	(146, 1, NULL, '4º Nivel - Preparación de Pacientes', 31, 126, '03-530-08517', 'HP', 'Elite Desk 705 G1 SFF', 'MXL4460BL2', NULL, NULL, NULL, NULL, NULL, NULL, NULL, NULL, NULL, NULL, NULL, NULL, NULL, NULL, '2014-12-01', '2019-12-01', 1, '', '2018-06-27 00:18:09', '2018-06-27 00:18:09'),
	(147, 1, NULL, '4º Nivel - Recepción1 Urología', 31, 130, '03-530-07620', 'HP', 'Elite Desk 705 G1 SFF', 'MXL4452P41', NULL, NULL, NULL, NULL, NULL, NULL, NULL, NULL, NULL, NULL, NULL, NULL, NULL, NULL, '2014-12-01', '2019-12-01', 1, '', '2018-06-27 00:18:09', '2018-06-27 00:18:09'),
	(148, 1, NULL, '4º Nivel - Recepción2 Urología', 31, 131, '03-530-07594', 'HP', 'Elite Desk 705 G1 SFF', 'MXL446095V', NULL, NULL, NULL, NULL, NULL, NULL, NULL, NULL, NULL, NULL, NULL, NULL, NULL, NULL, '2014-12-01', '2019-12-01', 1, '', '2018-06-27 00:18:09', '2018-06-27 00:18:09'),
	(149, 1, NULL, '4º Nivel - Clínica 1 Urología', 31, 132, '03-530-08520', 'HP', 'Elite Desk 705 G1 SFF', 'MXL4460WD0', NULL, NULL, NULL, NULL, NULL, NULL, NULL, NULL, NULL, NULL, NULL, NULL, NULL, NULL, '2014-12-01', '2019-12-01', 1, '', '2018-06-27 00:18:09', '2018-06-27 00:18:09'),
	(150, 1, NULL, '4º Nivel - Clínica 2 Urología', 31, 133, '03-530-08518', 'HP', 'Elite Desk 705 G1 SFF', 'MXL4460W2Y', NULL, NULL, NULL, NULL, NULL, NULL, NULL, NULL, NULL, NULL, NULL, NULL, NULL, NULL, '2014-12-01', '2019-12-01', 1, '', '2018-06-27 00:18:09', '2018-06-27 00:18:09'),
	(151, 1, NULL, '4º Nivel - Clínica 3 Urología', 31, 134, '03-530-08521', 'HP', 'Elite Desk 705 G1 SFF', 'MXL4452P7M', NULL, NULL, NULL, NULL, NULL, NULL, NULL, NULL, NULL, NULL, NULL, NULL, NULL, NULL, '2014-12-01', '2019-12-01', 1, '', '2018-06-27 00:18:09', '2018-06-27 00:18:09'),
	(152, 1, NULL, '4º Nivel - Clínica 4 Urología', 31, 135, '03-530-08519', 'HP', 'Elite Desk 705 G1 SFF', 'MXL4460BJC', NULL, NULL, NULL, NULL, NULL, NULL, NULL, NULL, NULL, NULL, NULL, NULL, NULL, NULL, '2014-12-01', '2019-12-01', 1, '', '2018-06-27 00:18:09', '2018-06-27 00:18:09'),
	(153, 1, NULL, '4º Nivel - Clínica 5 Urología', 31, 136, '03-530-08516', 'HP', 'Elite Desk 705 G1 SFF', 'MXL4460904', NULL, NULL, NULL, NULL, NULL, NULL, NULL, NULL, NULL, NULL, NULL, NULL, NULL, NULL, '2014-12-01', '2019-12-01', 1, '', '2018-06-27 00:18:09', '2018-06-27 00:18:09'),
	(154, 1, NULL, '4º Nivel - Clínica1 Cardiología (Alm.)', 18, 137, '03-530-08528', 'HP', 'Elite Desk 705 G1 SFF', 'MXL4452P3X', NULL, NULL, NULL, NULL, NULL, NULL, NULL, NULL, NULL, NULL, NULL, NULL, NULL, NULL, '2014-12-01', '2019-12-01', 1, '', '2018-06-27 00:18:09', '2018-06-27 00:18:09'),
	(155, 1, NULL, '4º Nivel - Clínica 1 Otorrinolaringología', 33, 138, '03-530-08529', 'HP', 'Elite Desk 705 G1 SFF', 'MXL4452P78', NULL, NULL, NULL, NULL, NULL, NULL, NULL, NULL, NULL, NULL, NULL, NULL, NULL, NULL, '2014-12-01', '2019-12-01', 1, '', '2018-06-27 00:18:09', '2018-06-27 00:18:09'),
	(156, 1, NULL, '4º Nivel - Clínica 2 Otorrinolaringología', 33, 139, '03-530-08530', 'HP', 'Elite Desk 705 G1 SFF', 'MXL44608T0', NULL, NULL, NULL, NULL, NULL, NULL, NULL, NULL, NULL, NULL, NULL, NULL, NULL, NULL, '2014-12-01', '2019-12-01', 1, '', '2018-06-27 00:18:09', '2018-06-27 00:18:09'),
	(157, 1, NULL, '4º Nivel - Clínica 3 Otorrinolaringología', 33, 140, '03-530-08531', 'HP', 'Elite Desk 705 G1 SFF', 'MXL446093C', NULL, NULL, NULL, NULL, NULL, NULL, NULL, NULL, NULL, NULL, NULL, NULL, NULL, NULL, '2014-12-01', '2019-12-01', 1, '', '2018-06-27 00:18:09', '2018-06-27 00:18:09'),
	(158, 1, NULL, '4º Nivel - Clínica 4 Otorrinolaringología', 33, 141, '03-530-08532', 'HP', 'Elite Desk 705 G1 SFF', 'MXL4452P66', NULL, NULL, NULL, NULL, NULL, NULL, NULL, NULL, NULL, NULL, NULL, NULL, NULL, NULL, '2014-12-01', '2019-12-01', 1, '', '2018-06-27 00:18:09', '2018-06-27 00:18:09'),
	(159, 1, NULL, '4º Nivel - Clínica 5 Otorrinolaringología', 33, 141, '03-530-08533', 'HP', 'Elite Desk 705 G1 SFF', 'MXL4460BJS', NULL, NULL, NULL, NULL, NULL, NULL, NULL, NULL, NULL, NULL, NULL, NULL, NULL, NULL, '2014-12-01', '2019-12-01', 1, '', '2018-06-27 00:18:09', '2018-06-27 00:18:09'),
	(160, 1, NULL, '4º Nivel - Clínica 6 Otorrinolaringología', 33, 142, '03-530-08534', 'HP', 'Elite Desk 705 G1 SFF', 'MXL44608V2', NULL, NULL, NULL, NULL, NULL, NULL, NULL, NULL, NULL, NULL, NULL, NULL, NULL, NULL, '2014-12-01', '2019-12-01', 1, '', '2018-06-27 00:18:09', '2018-06-27 00:18:09'),
	(161, 1, NULL, '4º Nivel - Clínica 7 (Proc.) Otorrinolaringología', 33, 143, '03-530-08535', 'HP', 'Elite Desk 705 G1 SFF', 'MXL4460W2W', NULL, NULL, NULL, NULL, NULL, NULL, NULL, NULL, NULL, NULL, NULL, NULL, NULL, NULL, '2014-12-01', '2019-12-01', 1, '', '2018-06-27 00:18:09', '2018-06-27 00:18:09'),
	(162, 1, NULL, '4º Nivel - Oficina Jefatura de C. Ext. (Preparación de pacientes otorrino.)', 33, 154, '03-530-08536', 'HP', 'Elite Desk 705 G1 SFF', 'MXL4452P5Q', NULL, NULL, NULL, NULL, NULL, NULL, NULL, NULL, NULL, NULL, NULL, NULL, NULL, NULL, '2014-12-01', '2019-12-01', 1, '', '2018-06-27 00:18:09', '2018-06-27 00:18:09'),
	(163, 1, NULL, '4º Nivel - Oficina Jefatura de C. Ext. (Preparación de pacientes urología)', 31, 120, '03-530-08537', 'HP', 'Elite Desk 705 G1 SFF', 'MXL4452P90', NULL, NULL, NULL, NULL, NULL, NULL, NULL, NULL, NULL, NULL, NULL, NULL, NULL, NULL, '2014-12-01', '2019-12-01', 1, '', '2018-06-27 00:18:09', '2018-06-27 00:18:09'),
	(164, 1, NULL, '4º Nivel - Clínica 1 Cardiología', 18, 137, '03-530-08522', 'HP', 'Elite Desk 705 G1 SFF', 'MXL4460VZY', NULL, NULL, NULL, NULL, NULL, NULL, NULL, NULL, NULL, NULL, NULL, NULL, NULL, NULL, '2014-12-01', '2019-12-01', 1, '', '2018-06-27 00:18:09', '2018-06-27 00:18:09'),
	(165, 1, NULL, '4º Nivel - Clínica 2 Cardiología', 18, 144, '03-530-08523', 'HP', 'Elite Desk 705 G1 SFF', 'MXL4460BJB', NULL, NULL, NULL, NULL, NULL, NULL, NULL, NULL, NULL, NULL, NULL, NULL, NULL, NULL, '2014-12-01', '2019-12-01', 1, '', '2018-06-27 00:18:09', '2018-06-27 00:18:09'),
	(166, 1, NULL, '4º Nivel - Clínica 3 Cardiología', 18, 145, '03-530-08524', 'HP', 'Elite Desk 705 G1 SFF', 'MXL4460963', NULL, NULL, NULL, NULL, NULL, NULL, NULL, NULL, NULL, NULL, NULL, NULL, NULL, NULL, '2014-12-01', '2019-12-01', 1, '', '2018-06-27 00:18:09', '2018-06-27 00:18:09'),
	(167, 1, NULL, '4º Nivel - Clínica 4 Cardiología', 18, 146, '03-530-08525', 'HP', 'Elite Desk 705 G1 SFF', 'MXL4460W1Z', NULL, NULL, NULL, NULL, NULL, NULL, NULL, NULL, NULL, NULL, NULL, NULL, NULL, NULL, '2014-12-01', '2019-12-01', 1, '', '2018-06-27 00:18:09', '2018-06-27 00:18:09'),
	(168, 1, NULL, '4º Nivel - Clínica 5 Cardiología', 18, 147, '03-530-08526', 'HP', 'Elite Desk 705 G1 SFF', 'MXL4460W2R', NULL, NULL, NULL, NULL, NULL, NULL, NULL, NULL, NULL, NULL, NULL, NULL, NULL, NULL, '2014-12-01', '2019-12-01', 1, '', '2018-06-27 00:18:09', '2018-06-27 00:18:09'),
	(169, 1, NULL, '4º Nivel - Clínica 6 Cardiología', 18, 148, '03-530-08527', 'HP', 'Elite Desk 705 G1 SFF', 'MXL4452P2R', NULL, NULL, NULL, NULL, NULL, NULL, NULL, NULL, NULL, NULL, NULL, NULL, NULL, NULL, '2014-12-01', '2019-12-01', 1, '', '2018-06-27 00:18:09', '2018-06-27 00:18:09'),
	(170, 1, NULL, '4º Nivel - Recepción1 Otorrino.', 33, 149, '03-530-07611', 'HP', 'Elite Desk 705 G1 SFF', 'MXL4460975', NULL, NULL, NULL, NULL, NULL, NULL, NULL, NULL, NULL, NULL, NULL, NULL, NULL, NULL, '2014-12-01', '2019-12-01', 1, '', '2018-06-27 00:18:09', '2018-06-27 00:18:09'),
	(171, 1, NULL, '4º Nivel - Recepción2 Otorrino.', 33, 150, '03-530-07595', 'HP', 'Elite Desk 705 G1 SFF', 'MXL4452P5R', NULL, NULL, NULL, NULL, NULL, NULL, NULL, NULL, NULL, NULL, NULL, NULL, NULL, NULL, '2014-12-01', '2019-12-01', 1, '', '2018-06-27 00:18:09', '2018-06-27 00:18:09'),
	(172, 1, NULL, '4º Nivel - Recepción Procedimientos de Neumología', 13, 12, '03-530-07610', 'HP', 'Elite Desk 705 G1 SFF', 'MXL446094Y', NULL, NULL, NULL, NULL, NULL, NULL, NULL, NULL, NULL, NULL, NULL, NULL, NULL, NULL, '2014-12-01', '2019-12-01', 1, '', '2018-06-27 00:18:08', '2018-06-27 00:18:08'),
	(173, 1, NULL, '4º Nivel - Clínica de Nutrición', 19, 129, '03-530-02915', 'HP', 'dc5000 SFF', '"MXJ51604N6 MXJ51604GM"', NULL, NULL, NULL, NULL, NULL, NULL, NULL, NULL, NULL, NULL, NULL, NULL, NULL, NULL, '2005-05-12', '2008-05-12', 2, 'Monitor LCD Acer 15\'\'\r\n', '2018-06-27 00:18:08', '2018-06-27 00:18:08'),
	(174, 1, NULL, '4º Nivel - Jefatura Procedimientos de Neumología', 13, 152, '03-530-02892', 'HP', 'dc5000 SFF', 'MXJ516043D', NULL, NULL, NULL, NULL, NULL, NULL, NULL, NULL, NULL, NULL, NULL, NULL, NULL, NULL, '2005-05-12', '2008-07-12', 2, '', '2018-06-27 00:18:08', '2018-06-27 00:18:08'),
	(175, 1, NULL, '4º Nivel - Clínica de Psicología Programa Cesación de Tabaco', 13, 153, '03-530-02910', 'HP', 'dc5000 SFF', 'MXJ51604F3', NULL, NULL, NULL, NULL, NULL, NULL, NULL, NULL, NULL, NULL, NULL, NULL, NULL, NULL, '2005-05-12', '2008-07-12', 2, 'Monitor CRT descartado 15/05/2015\r\n', '2018-06-27 00:18:08', '2018-06-27 00:18:08'),
	(176, 1, NULL, '4º Nivel - Procedimientos de Otorrino. - Audiometría', 33, 149, '03-530-02884', 'HP', 'dc5000 SFF', 'MXJ51604BQ', NULL, NULL, NULL, NULL, NULL, NULL, NULL, NULL, NULL, NULL, NULL, NULL, NULL, NULL, '2005-05-12', '2008-05-12', 2, '', '2018-06-27 00:18:09', '2018-06-27 00:18:09'),
	(177, 1, NULL, '4º Nivel - Clínica de Programa Cesación de Tabaco', 13, 155, '03-530-04177', 'HP', 'dc5750 SFF', 'MXJ72904PS', NULL, NULL, NULL, NULL, NULL, NULL, NULL, NULL, NULL, NULL, NULL, NULL, NULL, NULL, '2007-08-10', '2008-08-10', 2, 'Teclado Genuis\r\n', '2018-06-27 00:18:08', '2018-06-27 00:18:08'),
	(178, 1, NULL, '4º Nivel - Programa de Oxigenoterapia Domiciliar', 13, 20, '03-530-02912', 'HP', 'dc5000 SFF', 'MXJ516045R', NULL, NULL, NULL, NULL, NULL, NULL, NULL, NULL, NULL, NULL, NULL, NULL, NULL, NULL, '2005-05-12', '2008-05-12', 2, '', '2018-06-27 00:18:08', '2018-06-27 00:18:08'),
	(179, 1, NULL, '4º Nivel - Procedimientos de Urología', 31, 157, '03-530-02894', 'HP', 'dc5000 SFF', 'MXJ5160458', NULL, NULL, NULL, NULL, NULL, NULL, NULL, NULL, NULL, NULL, NULL, NULL, NULL, NULL, '2005-05-12', '2008-05-12', 2, 'Monitor LCD AOC 15\'\'\r\n', '2018-06-27 00:18:09', '2018-06-27 00:18:09'),
	(180, 1, NULL, '3º Nivel - Punto Seguro', 21, 158, '03-530-07596', 'HP', 'Elite Desk 705 G1 SFF', 'MXL4460BHG', NULL, NULL, NULL, NULL, NULL, NULL, NULL, NULL, NULL, NULL, NULL, NULL, NULL, NULL, '2014-12-01', '2019-12-01', 1, '', '2018-06-27 00:18:08', '2018-06-27 00:18:08'),
	(181, 1, NULL, '3º Nivel - Punto Seguro', 21, 159, '03-530-06368', 'DELL', 'OPTIPLEX 780', 'D469NN1', NULL, NULL, NULL, NULL, NULL, NULL, NULL, NULL, NULL, NULL, NULL, NULL, NULL, NULL, '2010-12-06', '2013-12-06', 1, '', '2018-06-27 00:18:08', '2018-06-27 00:18:08'),
	(182, 1, NULL, '3º Nivel - Punto Seguro', 21, 160, '03-530-07597', 'HP', 'Elite Desk 705 G1 SFF', 'MXL4452P9G', NULL, NULL, NULL, NULL, NULL, NULL, NULL, NULL, NULL, NULL, NULL, NULL, NULL, NULL, '2014-12-01', '2019-12-01', 1, '', '2018-06-27 00:18:08', '2018-06-27 00:18:08'),
	(183, 1, NULL, '3º Nivel - Punto Seguro', 21, 161, '03-530-04542', 'LENOVO', '9120-A18', 'LKVXFD2', NULL, NULL, NULL, NULL, NULL, NULL, NULL, NULL, NULL, NULL, NULL, NULL, NULL, NULL, '2007-11-06', '2008-11-06', 2, '', '2018-06-27 00:18:08', '2018-06-27 00:18:08'),
	(184, 1, NULL, '3º Nivel - Farmacia Jefatura', 34, 162, '03-530-06265', 'DELL', 'OPTIPLEX 780', 'D30FNN1', NULL, NULL, NULL, NULL, NULL, NULL, NULL, NULL, NULL, NULL, NULL, NULL, NULL, NULL, '2010-12-06', '2013-12-06', 1, '', '2018-06-27 00:18:09', '2018-06-27 00:18:09'),
	(185, 1, NULL, '3º Nivel - Farmacia Colaborador de Jefatura', 34, 163, '03-530-06736', 'DELL', 'OPTIPLEX 780', 'DD5M9P1', NULL, NULL, NULL, NULL, NULL, NULL, NULL, NULL, NULL, NULL, NULL, NULL, NULL, NULL, '2010-12-06', '2013-12-06', 1, '', '2018-06-27 00:18:09', '2018-06-27 00:18:09'),
	(186, 1, NULL, '3º Nivel - Farmacia CC', 34, 163, '03-530-06264', 'DELL', 'OPTIPLEX 780', 'D3B9NN1', NULL, NULL, NULL, NULL, NULL, NULL, NULL, NULL, NULL, NULL, NULL, NULL, NULL, NULL, '2010-06-12', '2013-06-12', 1, '', '2018-06-27 00:18:09', '2018-06-27 00:18:09'),
	(188, 1, NULL, '3º Nivel - Farmacia CC', 34, 163, '03-530-06742', 'DELL', 'OPTIPLEX 780', 'DD9L9P1', NULL, NULL, NULL, NULL, NULL, NULL, NULL, NULL, NULL, NULL, NULL, NULL, NULL, NULL, '2010-12-06', '2013-12-06', 1, '', '2018-06-27 00:18:09', '2018-06-27 00:18:09'),
	(189, 1, NULL, '3º Nivel - Farmacia CC', 34, 164, '03-530-06731', 'DELL', 'OPTIPLEX 780', 'H65R9P1', NULL, NULL, NULL, NULL, NULL, NULL, NULL, NULL, NULL, NULL, NULL, NULL, NULL, NULL, '2010-12-06', '2013-12-06', 1, '', '2018-06-27 00:18:09', '2018-06-27 00:18:09'),
	(190, 1, NULL, '3º Nivel - Farmacia CC', 34, 164, '03-530-05885', 'DELL', 'OPTIPLEX 780', 'D6LFNN1', NULL, NULL, NULL, NULL, NULL, NULL, NULL, NULL, NULL, NULL, NULL, NULL, NULL, NULL, '2010-12-06', '2013-12-06', 1, '', '2018-06-27 00:18:09', '2018-06-27 00:18:09'),
	(191, 1, NULL, '3º Nivel - Farmacia CC', 34, 164, '03-530-06738', 'DELL', 'OPTIPLEX 780', 'DD8R9P1', NULL, NULL, NULL, NULL, NULL, NULL, NULL, NULL, NULL, NULL, NULL, NULL, NULL, NULL, '2010-12-06', '2013-12-06', 1, '', '2018-06-27 00:18:09', '2018-06-27 00:18:09'),
	(192, 1, NULL, '3º Nivel - Farmacia Secretaria de Jefatura', 34, 165, '03-530-06735', 'DELL', 'OPTIPLEX 780', 'DD5Q9P1', NULL, NULL, NULL, NULL, NULL, NULL, NULL, NULL, NULL, NULL, NULL, NULL, NULL, NULL, '2010-12-06', '2013-12-06', 1, '', '2018-06-27 00:18:09', '2018-06-27 00:18:09'),
	(193, 1, NULL, '3º Nivel - Farmacia DPCA', 34, 166, '03-530-06733', 'DELL', 'OPTIPLEX 780', 'H5SR9P1', NULL, NULL, NULL, NULL, NULL, NULL, NULL, NULL, NULL, NULL, NULL, NULL, NULL, NULL, '2010-12-06', '2013-12-06', 1, '', '2018-06-27 00:18:09', '2018-06-27 00:18:09'),
	(194, 1, NULL, '3º Nivel - Farmacia Preenvase', 34, 164, '03-530-06732', 'DELL', 'OPTIPLEX 780', 'DDKS9P1', NULL, NULL, NULL, NULL, NULL, NULL, NULL, NULL, NULL, NULL, NULL, NULL, NULL, NULL, '2010-12-06', '2013-12-06', 1, '', '2018-06-27 00:18:09', '2018-06-27 00:18:09'),
	(195, 1, NULL, '3º Nivel - Farmacia Área de Colaboradores', 34, 167, '03-530-06743', 'DELL', 'OPTIPLEX 780', 'DDMQ9P1', NULL, NULL, NULL, NULL, NULL, NULL, NULL, NULL, NULL, NULL, NULL, NULL, NULL, NULL, '2010-12-06', '2013-12-06', 1, '', '2018-06-27 00:18:09', '2018-06-27 00:18:09'),
	(196, 1, NULL, '3º Nivel - Farmacia Área de Colaboradores', 34, 178, '03-530-06739', 'DELL', 'OPTIPLEX 780', 'DD8P9P1', NULL, NULL, NULL, NULL, NULL, NULL, NULL, NULL, NULL, NULL, NULL, NULL, NULL, NULL, '2010-12-06', '2013-12-06', 1, '', '2018-06-27 00:18:09', '2018-06-27 00:18:09'),
	(197, 1, NULL, '3º Nivel - Farmacia Envasado', 34, 169, '03-530-07580', 'HP', 'Elite Desk 705 G1 SFF', 'MXL4460BJJ', NULL, NULL, NULL, NULL, NULL, NULL, NULL, NULL, NULL, NULL, NULL, NULL, NULL, NULL, '2014-12-01', '2019-12-01', 1, '', '2018-06-27 00:18:09', '2018-06-27 00:18:09'),
	(198, 1, NULL, '3º Nivel - Farmacia Ventanilla 1', 34, 171, '03-530-07592', 'HP', 'Elite Desk 705 G1 SFF', 'MXL4460W2P', NULL, NULL, NULL, NULL, NULL, NULL, NULL, NULL, NULL, NULL, NULL, NULL, NULL, NULL, '2014-12-01', '2019-12-01', 1, '', '2018-06-27 00:18:09', '2018-06-27 00:18:09'),
	(199, 1, NULL, '3º Nivel - Farmacia Ventanilla 2', 34, 172, '03-530-07582', 'HP', 'Elite Desk 705 G1 SFF', 'MXL44608T3', NULL, NULL, NULL, NULL, NULL, NULL, NULL, NULL, NULL, NULL, NULL, NULL, NULL, NULL, '2014-12-01', '2019-12-01', 1, '', '2018-06-27 00:18:09', '2018-06-27 00:18:09'),
	(200, 1, NULL, '3º Nivel - Farmacia Ventanilla 3', 34, 163, '03-530-07587', 'HP', 'Elite Desk 705 G1 SFF', 'MXL4452P4C', NULL, NULL, NULL, NULL, NULL, NULL, NULL, NULL, NULL, NULL, NULL, NULL, NULL, NULL, '2014-12-01', '2019-12-01', 1, '', '2018-06-27 00:18:09', '2018-06-27 00:18:09'),
	(201, 1, NULL, '3º Nivel - Farmacia Ventanilla 4', 34, 174, '03-530-07590', 'HP', 'Elite Desk 705 G1 SFF', 'MXL4452P5P', NULL, NULL, NULL, NULL, NULL, NULL, NULL, NULL, NULL, NULL, NULL, NULL, NULL, NULL, '2014-12-01', '2019-12-01', 1, '', '2018-06-27 00:18:09', '2018-06-27 00:18:09'),
	(202, 1, NULL, '3º Nivel - Farmacia Ventanilla 5', 34, 175, '03-530-07579', 'HP', 'Elite Desk 705 G1 SFF', 'MXL4460W2Z', NULL, NULL, NULL, NULL, NULL, NULL, NULL, NULL, NULL, NULL, NULL, NULL, NULL, NULL, '2014-12-01', '2019-12-01', 1, '', '2018-06-27 00:18:09', '2018-06-27 00:18:09'),
	(203, 1, NULL, '3º Nivel - Farmacia Ventanilla 6', 34, 176, '03-530-07583', 'HP', 'Elite Desk 705 G1 SFF', 'MXL4452P56', NULL, NULL, NULL, NULL, NULL, NULL, NULL, NULL, NULL, NULL, NULL, NULL, NULL, NULL, '2014-12-01', '2019-12-01', 1, '', '2018-06-27 00:18:09', '2018-06-27 00:18:09'),
	(204, 1, NULL, '3º Nivel - Farmacia Ventanilla 7', 34, 177, '03-530-07593', 'HP', 'Elite Desk 705 G1 SFF', 'MXL4452P3Q', NULL, NULL, NULL, NULL, NULL, NULL, NULL, NULL, NULL, NULL, NULL, NULL, NULL, NULL, '2014-12-01', '2019-12-01', 1, '', '2018-06-27 00:18:09', '2018-06-27 00:18:09'),
	(205, 1, NULL, '3º Nivel - Farmacia Ventanilla 8', 34, 178, '03-530-07588', 'HP', 'Elite Desk 705 G1 SFF', 'MXL4460W56', NULL, NULL, NULL, NULL, NULL, NULL, NULL, NULL, NULL, NULL, NULL, NULL, NULL, NULL, '2014-12-01', '2019-12-01', 1, '', '2018-06-27 00:18:09', '2018-06-27 00:18:09'),
	(206, 1, NULL, '3º Nivel - Farmacia Ventanilla 9', 34, 179, '03-530-07581', 'HP', 'Elite Desk 705 G1 SFF', 'MXL4460W1S', NULL, NULL, NULL, NULL, NULL, NULL, NULL, NULL, NULL, NULL, NULL, NULL, NULL, NULL, '2014-12-01', '2019-12-01', 1, '', '2018-06-27 00:18:09', '2018-06-27 00:18:09'),
	(207, 1, NULL, '3º Nivel - Farmacia Ventanilla 10', 34, 180, '03-530-07586', 'HP', 'Elite Desk 705 G1 SFF', 'MXL44608T6', NULL, NULL, NULL, NULL, NULL, NULL, NULL, NULL, NULL, NULL, NULL, NULL, NULL, NULL, '2014-12-01', '2019-12-01', 1, '', '2018-06-27 00:18:09', '2018-06-27 00:18:09'),
	(208, 1, NULL, '3º Nivel - Farmacia Ventanilla 11', 34, 181, '03-530-07585', 'HP', 'Elite Desk 705 G1 SFF', 'MXL446093T', NULL, NULL, NULL, NULL, NULL, NULL, NULL, NULL, NULL, NULL, NULL, NULL, NULL, NULL, '2014-12-01', '2019-12-01', 1, '', '2018-06-27 00:18:09', '2018-06-27 00:18:09'),
	(209, 1, NULL, '3º Nivel - Farmacia Ventanilla 12', 34, 182, '03-530-07591', 'HP', 'Elite Desk 705 G1 SFF', 'MXL4460W23', NULL, NULL, NULL, NULL, NULL, NULL, NULL, NULL, NULL, NULL, NULL, NULL, NULL, NULL, '2014-12-01', '2019-12-01', 1, '', '2018-06-27 00:18:09', '2018-06-27 00:18:09'),
	(210, 1, NULL, '3º Nivel - Farmacia Ventanilla 13', 34, 183, '03-530-07589', 'HP', 'Elite Desk 705 G1 SFF', 'MXL44608W0', NULL, NULL, NULL, NULL, NULL, NULL, NULL, NULL, NULL, NULL, NULL, NULL, NULL, NULL, '2014-12-01', '2019-12-01', 1, '', '2018-06-27 00:18:09', '2018-06-27 00:18:09'),
	(211, 1, NULL, '3º Nivel - Farmacia Ventanilla 14', 34, 184, '03-530-07584', 'HP', 'Elite Desk 705 G1 SFF', 'MXL4460W1K', NULL, NULL, NULL, NULL, NULL, NULL, NULL, NULL, NULL, NULL, NULL, NULL, NULL, NULL, '2014-12-01', '2019-12-01', 1, '', '2018-06-27 00:18:09', '2018-06-27 00:18:09'),
	(212, 1, NULL, '3º Nivel - Farmacia Bodega', 34, 170, '03-530-04693', 'LENOVO', '9120-A18', 'LKVXCX4', NULL, NULL, NULL, NULL, NULL, NULL, NULL, NULL, NULL, NULL, NULL, NULL, NULL, NULL, '2007-01-01', '2008-11-06', 2, '', '2018-06-27 00:18:09', '2018-06-27 00:18:09'),
	(213, 1, NULL, '3º Nivel - Farmacia Medicamento Domiciliar', 34, 185, '03-530-05888', 'DELL', 'OPTIPLEX 780', 'D2N9NN1', NULL, NULL, NULL, NULL, NULL, NULL, NULL, NULL, NULL, NULL, NULL, NULL, NULL, NULL, '2010-12-06', '2013-12-06', 1, '', '2018-06-27 00:18:09', '2018-06-27 00:18:09'),
	(214, 1, NULL, '3º Nivel - Farmacia Medicamento Domiciliar', 34, 185, '03-530-06734', 'DELL', 'OPTIPLEX 780', 'DDBL9P1', NULL, NULL, NULL, NULL, NULL, NULL, NULL, NULL, NULL, NULL, NULL, NULL, NULL, NULL, '2010-12-06', '2013-12-06', 2, '', '2018-06-27 00:18:09', '2018-06-27 00:18:09'),
	(215, 1, NULL, '3º Nivel - Farmacia Medicamento Domiciliar', 34, 185, '03-530-04179', 'HP', 'dc5750 SFF', 'MXJ72904LQ', NULL, NULL, NULL, NULL, NULL, NULL, NULL, NULL, NULL, NULL, NULL, NULL, NULL, NULL, '2007-08-10', '2008-08-10', 1, '', '2018-06-27 00:18:09', '2018-06-27 00:18:09'),
	(216, 1, NULL, '3º Nivel - Recepción Procedimientos de Neurología', 27, 186, '03-530-07598', 'HP', 'Elite Desk 705 G1 SFF', 'MXL4452P5N', NULL, NULL, NULL, NULL, NULL, NULL, NULL, NULL, NULL, NULL, NULL, NULL, NULL, NULL, '2014-12-01', '2019-12-01', 1, '', '2018-06-27 00:18:09', '2018-06-27 00:18:09'),
	(217, 1, NULL, '3º Nivel - Procedimientos de Neurología Clínica 1', 27, 187, '03-530-07609', 'HP', 'Elite Desk 705 G1 SFF', 'MXL4460W4V', NULL, NULL, NULL, NULL, NULL, NULL, NULL, NULL, NULL, NULL, NULL, NULL, NULL, NULL, '2014-12-01', '2019-12-01', 1, '', '2018-06-27 00:18:09', '2018-06-27 00:18:09'),
	(218, 1, NULL, '3º Nivel - Procedimientos de Neurología Clínica 2', 27, 188, '03-530-08573', 'HP', 'Elite Desk 705 G1 SFF', 'MXL44608VR', NULL, NULL, NULL, NULL, NULL, NULL, NULL, NULL, NULL, NULL, NULL, NULL, NULL, NULL, '2014-12-01', '2019-12-01', 1, '', '2018-06-27 00:18:09', '2018-06-27 00:18:09'),
	(219, 1, NULL, '3º Nivel - Recepción Procedimientos de Cardiología', 18, 122, '03-530-07606', 'HP', 'Elite Desk 705 G1 SFF', 'MXL4460W21', NULL, NULL, NULL, NULL, NULL, NULL, NULL, NULL, NULL, NULL, NULL, NULL, NULL, NULL, '2014-12-01', '2019-12-01', 1, '', '2018-06-27 00:18:09', '2018-06-27 00:18:09'),
	(220, 1, NULL, '3º Nivel - Procedimientos de Cardiología Psicología', 18, 201, '03-530-02482', 'HP', 'COMPAQ EVO dc323A', 'MXD31105VD', NULL, NULL, NULL, NULL, NULL, NULL, NULL, NULL, NULL, NULL, NULL, NULL, NULL, NULL, '2003-07-20', '2005-07-20', 3, '', '2018-06-27 00:18:09', '2018-06-27 00:18:09'),
	(221, 12, NULL, '7º Nivel - Clínica 4 Gastroenterología', 17, 25, '03-531-04893', 'HP', 'LaserJet P1102w', 'CNB0000000', NULL, NULL, NULL, NULL, NULL, NULL, NULL, NULL, NULL, NULL, NULL, NULL, NULL, NULL, '2016-09-14', '2015-09-18', 2, '', '2018-06-27 00:18:09', '2018-06-27 00:18:09'),
	(222, 1, NULL, 'servicios generales conserje 1 nivel', 38, 192, '03-530-02907', 'HP', 'dc 5000', '', NULL, NULL, NULL, NULL, NULL, NULL, NULL, NULL, NULL, NULL, NULL, NULL, NULL, NULL, '2005-08-02', '2007-09-18', 3, '', '2018-06-27 00:18:08', '2018-06-27 00:18:08'),
	(224, 12, NULL, '4º Nivel - Procedimientos de Neumologia', 13, 34, '03-531-02537', 'LEXMARK ', 'E120', '99472KW', NULL, NULL, NULL, NULL, NULL, NULL, NULL, NULL, NULL, NULL, NULL, NULL, NULL, NULL, '2017-10-03', '2017-10-03', 3, '', '2018-06-27 00:18:08', '2018-06-27 00:18:08'),
	(225, 6, NULL, '7º Nivel - Clínica 2 Reumatología', 14, 8, '03-531-05161', 'EPSON', 'LX-350', '99472KW', NULL, NULL, NULL, NULL, NULL, NULL, NULL, NULL, NULL, NULL, NULL, NULL, NULL, NULL, '2017-10-03', '2017-10-03', 3, '', '2018-06-27 00:18:09', '2018-06-27 00:18:09'),
	(226, 13, NULL, '7º Nivel - Recepción de Neumología', 14, 8, '03-531-05164', 'EPSON', 'L555', '', NULL, NULL, NULL, NULL, NULL, NULL, NULL, NULL, NULL, NULL, NULL, NULL, NULL, NULL, '2015-06-11', '2016-08-18', 2, '', '2018-06-27 00:18:09', '2018-06-27 00:18:09'),
	(227, 6, NULL, '7º Nivel - Clínica  Reumatología', 14, 8, '03-531-05160', 'EPSON', 'LX-350', '', NULL, NULL, NULL, NULL, NULL, NULL, NULL, NULL, NULL, NULL, NULL, NULL, NULL, NULL, '2015-08-04', '2015-10-22', 2, '', '2018-06-27 00:18:09', '2018-06-27 00:18:09'),
	(228, 6, NULL, '7º Nivel - Clínica  Reumatología', 14, 8, '03-531-05162', 'EPSON', 'LX-350', '', NULL, NULL, NULL, NULL, NULL, NULL, NULL, NULL, NULL, NULL, NULL, NULL, NULL, NULL, '2015-05-18', '2015-12-30', 2, '', '2018-06-27 00:18:09', '2018-06-27 00:18:09'),
	(229, 6, NULL, '7º Nivel - Clínica  Reumatología', 14, 8, '03-531-05163', 'EPSON', 'LX-350', '', NULL, NULL, NULL, NULL, NULL, NULL, NULL, NULL, NULL, NULL, NULL, NULL, NULL, NULL, '2015-03-11', '2015-09-21', 2, '', '2018-06-27 00:18:09', '2018-06-27 00:18:09'),
	(230, 6, NULL, '7º Nivel - Recepción de Neumología', 13, 196, '03-531-05290', 'EPSON', 'LX-350', 'NZBY125656', NULL, NULL, NULL, NULL, NULL, NULL, NULL, NULL, NULL, NULL, NULL, NULL, NULL, NULL, '2005-10-30', '2007-10-30', 1, '', '2018-06-27 00:18:08', '2018-06-27 00:18:08'),
	(231, 12, NULL, '7º Nivel - Clínica 4 Neumología', 13, 155, '03-531-04922', 'HP', 'LaserJet P1606dn', 'VND3F34116', NULL, NULL, NULL, NULL, NULL, NULL, NULL, NULL, NULL, NULL, NULL, NULL, NULL, NULL, '2015-03-12', '2015-05-19', 3, '', '2018-06-27 00:18:08', '2018-06-27 00:18:08'),
	(232, 6, NULL, '7º Nivel - Recepción de Gastroenterología', 17, 25, '03-531-05294', 'EPSON', 'FX-890', 'NZBY126871', NULL, NULL, NULL, NULL, NULL, NULL, NULL, NULL, NULL, NULL, NULL, NULL, NULL, NULL, '2016-03-24', '2017-10-01', 1, '', '2018-06-27 00:18:09', '2018-06-27 00:18:09'),
	(233, 12, NULL, '7º Nivel - Clínica 1 Gastroenterología', 17, 197, '03-531-03848', 'HP', 'LaserJet P1606dn', '', NULL, NULL, NULL, NULL, NULL, NULL, NULL, NULL, NULL, NULL, NULL, NULL, NULL, NULL, '2015-03-06', '2015-11-12', 2, '', '2018-06-27 00:18:09', '2018-06-27 00:18:09'),
	(234, 12, NULL, '7º Nivel - Clínica 2 Gastroenterología', 17, 198, '03-531-03481', 'LEXMARK ', 'E260dn', '', NULL, NULL, NULL, NULL, NULL, NULL, NULL, NULL, NULL, NULL, NULL, NULL, NULL, NULL, '2011-10-18', '2014-10-18', 1, '', '2018-06-27 00:18:09', '2018-06-27 00:18:09'),
	(237, 6, NULL, '7º Nivel - Recepción de HTA y CVP', 13, 199, '03-531-05291', 'EPSON', 'FX-890', 'NZBY125642', NULL, NULL, NULL, NULL, NULL, NULL, NULL, NULL, NULL, NULL, NULL, NULL, NULL, NULL, '2015-07-01', '2016-07-01', 1, '', '2018-06-27 00:18:08', '2018-06-27 00:18:08'),
	(238, 12, NULL, '6º Nivel - Dirección Directora', 19, 41, '03-531-03602', 'LEXMARK ', 'E260dn', '72LVV0V', NULL, NULL, NULL, NULL, NULL, NULL, NULL, NULL, NULL, NULL, NULL, NULL, NULL, NULL, '2011-01-18', '2014-01-18', 2, '', '2018-06-27 00:18:08', '2018-06-27 00:18:08'),
	(239, 12, NULL, '6º Nivel - Dirección Secretaria de Dirección', 19, 43, '03-531-03603', 'LEXMARK ', 'E260dn', '72LVVF0', NULL, NULL, NULL, NULL, NULL, NULL, NULL, NULL, NULL, NULL, NULL, NULL, NULL, NULL, '2011-01-18', '2014-01-18', 2, '', '2018-06-27 00:18:08', '2018-06-27 00:18:08'),
	(240, 12, NULL, '6º Nivel - Dirección Secretaria de Jefatura de Área Médica Asistencial', 19, 191, '03-531-03910', 'HP', 'LaserJet P2055dn', 'CNB1837951', NULL, NULL, NULL, NULL, NULL, NULL, NULL, NULL, NULL, NULL, NULL, NULL, NULL, NULL, '2011-05-09', '2014-06-09', 1, '', '2018-06-27 00:18:08', '2018-06-27 00:18:08'),
	(241, 12, NULL, '6º Nivel - Administración Secretaria de Administrador', 21, 48, '03-531-03914', 'HP', 'LaserJet P2055dn', 'CNB1837541', NULL, NULL, NULL, NULL, NULL, NULL, NULL, NULL, NULL, NULL, NULL, NULL, NULL, NULL, '2011-06-09', '2014-06-09', 1, 'se termino toner', '2018-06-27 00:18:08', '2018-06-27 00:18:08'),
	(243, 11, NULL, '6º Nivel - Administración Personal', 21, 49, '03-531-05122', 'HP', 'LaserJet MFP M225DW', '', NULL, NULL, NULL, NULL, NULL, NULL, NULL, NULL, NULL, NULL, NULL, NULL, NULL, NULL, '2015-07-29', '2015-11-25', 1, '', '2018-06-27 00:18:08', '2018-06-27 00:18:08'),
	(244, 12, NULL, '6º Nivel - Administración Departamento de Compras', 21, 51, '03-531-02533', 'LEXMARK ', 'E120', '994RXDG', NULL, NULL, NULL, NULL, NULL, NULL, NULL, NULL, NULL, NULL, NULL, NULL, NULL, NULL, '2007-10-10', '2008-10-10', 3, '', '2018-06-27 00:18:08', '2018-06-27 00:18:08'),
	(245, 12, NULL, '6º Nivel - Administración Fondo Circulante', 21, 53, '03-531-03911', 'HP', 'LaserJet P2055dn', 'CNB9065506', NULL, NULL, NULL, NULL, NULL, NULL, NULL, NULL, NULL, NULL, NULL, NULL, NULL, NULL, '2011-10-09', '2014-10-09', 1, '', '2018-06-27 00:18:08', '2018-06-27 00:18:08'),
	(246, 12, NULL, '6º Nivel - Jefatura  de Enfermería', 23, 55, '03-531-03610', 'LEXMARK ', 'E260dn', '72LVV0Z', NULL, NULL, NULL, NULL, NULL, NULL, NULL, NULL, NULL, NULL, NULL, NULL, NULL, NULL, '2011-10-18', '2014-10-18', 2, '', '2018-06-27 00:18:09', '2018-06-27 00:18:09'),
	(247, 12, NULL, '6º Nivel - Secretaria de Jefatura  de Enfermería', 23, 58, '03-531-03920', 'HP', 'LaserJet P2055dn', 'CNB9961674', NULL, NULL, NULL, NULL, NULL, NULL, NULL, NULL, NULL, NULL, NULL, NULL, NULL, NULL, '2011-10-09', '2014-10-09', 3, '', '2018-06-27 00:18:09', '2018-06-27 00:18:09'),
	(248, 12, NULL, '6º Nivel - Secretaria de Jefatura de Trabajo Social ', 15, 59, '03-531-03608', 'LEXMARK ', 'E260dn', '72LW2RR', NULL, NULL, NULL, NULL, NULL, NULL, NULL, NULL, NULL, NULL, NULL, NULL, NULL, NULL, '2011-10-18', '2014-10-18', 2, '', '2018-06-27 00:18:09', '2018-06-27 00:18:09'),
	(249, 6, NULL, '6º Nivel - Otorgamiento de Citas ', 12, 61, '03-531-05248', 'EPSON', 'FX-890', 'NZCY046116', NULL, NULL, NULL, NULL, NULL, NULL, NULL, NULL, NULL, NULL, NULL, NULL, NULL, NULL, '2016-07-06', '2017-10-03', 1, '', '2018-06-27 00:18:09', '2018-06-27 00:18:09'),
	(250, 6, NULL, '6º Nivel - Recepción1 de Neurocirugía', 25, 67, '03-531-05250', 'EPSON', 'FX-890', 'NZCY046114', NULL, NULL, NULL, NULL, NULL, NULL, NULL, NULL, NULL, NULL, NULL, NULL, NULL, NULL, '2016-03-16', '2017-07-12', 1, '', '2018-06-27 00:18:09', '2018-06-27 00:18:09'),
	(252, 6, NULL, '6º Nivel - Recepción de Neurología', 27, 79, '03-531-05260', 'EPSON', 'FX-890', 'NZCY045860', NULL, NULL, NULL, NULL, NULL, NULL, NULL, NULL, NULL, NULL, NULL, NULL, NULL, NULL, '2016-06-02', '2017-11-21', 1, '', '2018-06-27 00:18:09', '2018-06-27 00:18:09'),
	(253, 12, NULL, '6º Nivel - Clínica 2 Endocrinología', 12, 85, '03-531-02431', 'LEXMARK ', 'E120', '', NULL, NULL, NULL, NULL, NULL, NULL, NULL, NULL, NULL, NULL, NULL, NULL, NULL, NULL, '2007-08-05', '2008-08-05', 3, '', '2018-06-27 00:18:09', '2018-06-27 00:18:09'),
	(254, 12, NULL, '6º Nivel - Clínica 3 Endocrinología', 12, 86, '03-531-04812', 'HP', 'LaserJet P1102w', '', NULL, NULL, NULL, NULL, NULL, NULL, NULL, NULL, NULL, NULL, NULL, NULL, NULL, NULL, '2014-01-14', '2015-02-04', 2, '', '2018-06-27 00:18:09', '2018-06-27 00:18:09'),
	(255, 12, NULL, '6º Nivel - Clínica 6 Endocrinología', 12, 85, '03-531-02936', 'LEXMARK ', 'E120n', '', NULL, NULL, NULL, NULL, NULL, NULL, NULL, NULL, NULL, NULL, NULL, NULL, NULL, NULL, '2007-10-05', '2008-10-09', 3, '', '2018-06-27 00:18:09', '2018-06-27 00:18:09'),
	(256, 6, NULL, '5º Nivel - Recepción2 de Oftalmología', 29, 98, '03-531-04079', 'EPSON', 'FX-890', 'NZBY011880', NULL, NULL, NULL, NULL, NULL, NULL, NULL, NULL, NULL, NULL, NULL, NULL, NULL, NULL, '2011-01-03', '2012-03-14', 1, '', '2018-06-27 00:18:09', '2018-06-27 00:18:09'),
	(257, 6, NULL, '5º Nivel - Recepción4 de Oftalmología', 29, 108, '03-531-04078', 'EPSON', 'FX-890', 'NZBY011832', NULL, NULL, NULL, NULL, NULL, NULL, NULL, NULL, NULL, NULL, NULL, NULL, NULL, NULL, '2011-06-02', '2012-12-03', 1, '', '2018-06-27 00:18:09', '2018-06-27 00:18:09'),
	(258, 12, NULL, 'Subdireccion 6 nivel', 30, 116, '03-531-03604', 'LEXMARK ', 'E260dn', '72LVV0X', NULL, NULL, NULL, NULL, NULL, NULL, NULL, NULL, NULL, NULL, NULL, NULL, NULL, NULL, '2011-10-18', '2014-10-18', 2, '', '2018-06-27 00:18:09', '2018-06-27 00:18:09'),
	(259, 6, NULL, '5º Nivel - Rayos X Transcripción', 30, 200, '03-531-05476', 'EPSON', 'FX-890', 'NZBY139165', NULL, NULL, NULL, NULL, NULL, NULL, NULL, NULL, NULL, NULL, NULL, NULL, NULL, NULL, '2017-09-27', '2018-09-27', 1, '', '2018-06-27 00:18:09', '2018-06-27 00:18:09'),
	(260, 6, NULL, '5º Nivel - Rayos X Transcripción', 30, 116, '03-531-04346', 'EPSON', 'FX-890', 'NZCY005793', NULL, NULL, NULL, NULL, NULL, NULL, NULL, NULL, NULL, NULL, NULL, NULL, NULL, NULL, '2011-06-02', '2012-06-02', 1, '', '2018-06-27 00:18:09', '2018-06-27 00:18:09'),
	(261, 6, NULL, '5º Nivel - Rayos X Transcripción', 30, 119, '03-531-00854', 'EPSON', 'FX-880', 'ALLY282084', NULL, NULL, NULL, NULL, NULL, NULL, NULL, NULL, NULL, NULL, NULL, NULL, NULL, NULL, '2001-06-01', '2004-06-01', 3, '', '2018-06-27 00:18:09', '2018-06-27 00:18:09'),
	(262, 6, NULL, '5º Nivel - Rayos X Transcripción', 30, 115, '03-531-00610', 'EPSON', 'FX-880', 'ALLY192486', NULL, NULL, NULL, NULL, NULL, NULL, NULL, NULL, NULL, NULL, NULL, NULL, NULL, NULL, '2000-08-05', '2003-08-05', 3, '', '2018-06-27 00:18:09', '2018-06-27 00:18:09'),
	(263, 12, NULL, 'contorl agenda 6 nivel', 30, 112, '03-531-03605', 'LEXMARK ', 'E260dn', '72LVVHP', NULL, NULL, NULL, NULL, NULL, NULL, NULL, NULL, NULL, NULL, NULL, NULL, NULL, NULL, '2011-10-18', '2014-10-18', 2, '', '2018-06-27 00:18:09', '2018-06-27 00:18:09'),
	(264, 12, NULL, '4º Nivel - Secretaria de Jefatura Consulta Externa ', 31, 121, '03-531-04792', 'HP', 'LaserJet P2035', '', NULL, NULL, NULL, NULL, NULL, NULL, NULL, NULL, NULL, NULL, NULL, NULL, NULL, NULL, '2014-01-25', '2015-01-25', 1, '', '2018-06-27 00:18:09', '2018-06-27 00:18:09'),
	(265, 12, NULL, '4º Nivel - Clínica de Nutrición', 18, 31, '03-531-03922', 'HP', 'LaserJet P2055dn', 'CNB9961818', NULL, NULL, NULL, NULL, NULL, NULL, NULL, NULL, NULL, NULL, NULL, NULL, NULL, NULL, '2011-10-09', '2014-10-09', 1, '', '2018-06-27 00:18:09', '2018-06-27 00:18:09'),
	(266, 6, NULL, '4º Nivel - Recepción1 de Urología', 31, 130, '03-531-05459', 'EPSON', 'FX-890', '4RPDJH2', NULL, NULL, NULL, NULL, NULL, NULL, NULL, NULL, NULL, NULL, NULL, NULL, NULL, NULL, '2017-09-07', '2018-09-07', 1, '', '2018-06-27 00:18:09', '2018-06-27 00:18:09'),
	(267, 1, NULL, '4º Nivel - Recepción2 de Cardiologia', 31, 131, '03-531-05460', 'EPSON', 'FX-890', 'nzby113579', NULL, NULL, NULL, NULL, NULL, NULL, NULL, NULL, NULL, NULL, NULL, NULL, NULL, NULL, '2017-08-16', '2018-08-16', 1, '', '2018-06-27 00:18:09', '2018-06-27 00:18:09'),
	(268, 6, NULL, '4º Nivel - Clínica 1 Cardiología', 18, 38, '03-531-04353', 'HP', 'LaserJet P1102w', 'VNB3218042', NULL, NULL, NULL, NULL, NULL, NULL, NULL, NULL, NULL, NULL, NULL, NULL, NULL, NULL, '2015-02-19', '2016-02-19', 3, '', '2018-06-27 00:18:09', '2018-06-27 00:18:09'),
	(269, 12, NULL, '4º Nivel - Clínica 2 Cardiología', 31, 132, '03-531-04321', 'HP', 'LaserJet P2035', '', NULL, NULL, NULL, NULL, NULL, NULL, NULL, NULL, NULL, NULL, NULL, NULL, NULL, NULL, '2016-08-10', '2017-08-10', 3, '', '2018-06-27 00:18:09', '2018-06-27 00:18:09'),
	(270, 11, NULL, '4º Nivel - Clínica 3 Cardiología', 18, 147, '03-531-03083', 'HP', 'LaserJet P2014', 'CNBJ215097', NULL, NULL, NULL, NULL, NULL, NULL, NULL, NULL, NULL, NULL, NULL, NULL, NULL, NULL, '2016-09-16', '2017-09-16', 1, '', '2018-06-27 00:18:09', '2018-06-27 00:18:09'),
	(271, 12, NULL, '4º Nivel - Clínica 5 Cardiología', 18, 122, '03-531-04815', 'HP', 'LaserJet P1102w', 'VND3F51772', NULL, NULL, NULL, NULL, NULL, NULL, NULL, NULL, NULL, NULL, NULL, NULL, NULL, NULL, '2016-02-25', '2017-02-25', 3, '', '2018-06-27 00:18:09', '2018-06-27 00:18:09'),
	(273, 11, NULL, '4º Nivel - Clínica 6 Cardiología', 18, 122, '03-531-02618', 'LEXMARK ', 'E120', '99473K0', NULL, NULL, NULL, NULL, NULL, NULL, NULL, NULL, NULL, NULL, NULL, NULL, NULL, NULL, '2015-02-19', '2016-02-19', 3, '', '2018-06-27 00:18:09', '2018-06-27 00:18:09'),
	(274, 6, NULL, '4º Nivel - Recepción1 Otorrino.', 33, 149, '03-531-05461', 'EPSON', 'fx-890', 'nzby116934', NULL, NULL, NULL, NULL, NULL, NULL, NULL, NULL, NULL, NULL, NULL, NULL, NULL, NULL, '2017-08-03', '2018-07-04', 1, '', '2018-06-27 00:18:09', '2018-06-27 00:18:09'),
	(275, 12, NULL, '4º Nivel - Clínica 3 Otorrino.', 33, 141, '03-531-03074', 'HP', 'LaserJet P2014', '', NULL, NULL, NULL, NULL, NULL, NULL, NULL, NULL, NULL, NULL, NULL, NULL, NULL, NULL, '2013-06-14', '2014-06-14', 2, '', '2018-06-27 00:18:09', '2018-06-27 00:18:09'),
	(276, 12, NULL, '4º Nivel - Clínica 5 Otorrino.', 33, 150, '03-531-04896', 'HP', 'LaserJet P1102w', 'VND3F51772', NULL, NULL, NULL, NULL, NULL, NULL, NULL, NULL, NULL, NULL, NULL, NULL, NULL, NULL, '2016-09-04', '2017-09-04', 3, '', '2018-06-27 00:18:09', '2018-06-27 00:18:09'),
	(277, 12, NULL, '4º Nivel - Clínica 6 Otorrino.', 33, 150, '03-531-02441', 'LEXMARK ', 'E120', '', NULL, NULL, NULL, NULL, NULL, NULL, NULL, NULL, NULL, NULL, NULL, NULL, NULL, NULL, '2007-10-12', '2008-10-12', 3, '', '2018-06-27 00:18:09', '2018-06-27 00:18:09'),
	(278, 12, NULL, '4º Nivel - Clínica 7 Otorrino.', 33, 143, '03-531-02621', 'LEXMARK ', 'E120', '', NULL, NULL, NULL, NULL, NULL, NULL, NULL, NULL, NULL, NULL, NULL, NULL, NULL, NULL, '2007-10-21', '2008-10-21', 1, '', '2018-06-27 00:18:09', '2018-06-27 00:18:09'),
	(279, 12, NULL, '4º Nivel - Clínica 8 Otorrino.', 33, 150, '03-531-03918', 'HP', 'LaserJet P2055dn', 'CNB1737970', NULL, NULL, NULL, NULL, NULL, NULL, NULL, NULL, NULL, NULL, NULL, NULL, NULL, NULL, '2011-10-09', '2014-10-09', 1, '', '2018-06-27 00:18:09', '2018-06-27 00:18:09'),
	(280, 6, NULL, '4º Nivel - Recepción2 Otorrino.', 33, 142, '03-531-03968', 'EPSON', 'FX-890', 'NZBY011820', NULL, NULL, NULL, NULL, NULL, NULL, NULL, NULL, NULL, NULL, NULL, NULL, NULL, NULL, '2011-05-21', '2012-05-21', 1, '', '2018-06-27 00:18:09', '2018-06-27 00:18:09'),
	(281, 12, NULL, '4º Nivel - Programa de Oxigenoterapia Domiciliar', 13, 20, '03-531-03913', 'HP', 'LaserJet P2055dn', 'CNB1837562', NULL, NULL, NULL, NULL, NULL, NULL, NULL, NULL, NULL, NULL, NULL, NULL, NULL, NULL, '2011-10-09', '2014-10-09', 1, '', '2018-06-27 00:18:08', '2018-06-27 00:18:08'),
	(282, 6, NULL, '4º Nivel - Procedimientos de Neumología Recepcion', 13, 151, '03-531-03356', 'EPSON', 'FX-890', 'E8BY410122', NULL, NULL, NULL, NULL, NULL, NULL, NULL, NULL, NULL, NULL, NULL, NULL, NULL, NULL, '2010-11-21', '2011-11-21', 1, '', '2018-06-27 00:18:08', '2018-06-27 00:18:08'),
	(284, 6, NULL, '4º Nivel - Procedimientos de Neumología Jefatura', 13, 152, '03-531-05475', 'EPSON', 'fx890', 'NZBY139163', NULL, NULL, NULL, NULL, NULL, NULL, NULL, NULL, NULL, NULL, NULL, NULL, NULL, NULL, '2005-10-30', '2007-10-30', 3, '', '2018-06-27 00:18:08', '2018-06-27 00:18:08'),
	(285, 6, NULL, '4º Nivel - Procedimientos de Neumología Jefatura', 13, 152, '03-531-02029', 'OKI', 'Microline 420', 'AE53022478 B0', NULL, NULL, NULL, NULL, NULL, NULL, NULL, NULL, NULL, NULL, NULL, NULL, NULL, NULL, '2005-10-30', '2007-10-30', 3, '', '2018-06-27 00:18:08', '2018-06-27 00:18:08'),
	(286, 12, NULL, '3º Nivel - Farmacia Jefatura', 34, 162, '03-531-05133', 'HP', 'LaserJet MFP M225DW', '', NULL, NULL, NULL, NULL, NULL, NULL, NULL, NULL, NULL, NULL, NULL, NULL, NULL, NULL, '2015-03-12', '2016-03-12', 1, '', '2018-06-27 00:18:09', '2018-06-27 00:18:09'),
	(288, 14, NULL, '3º Nivel - Farmacia Jefatura', 34, 162, '03-531-05136', 'EPSON', 'M188A TM-U220A ', '', NULL, NULL, NULL, NULL, NULL, NULL, NULL, NULL, NULL, NULL, NULL, NULL, NULL, NULL, '2014-05-30', '2015-05-30', 1, '', '2018-06-27 00:18:09', '2018-06-27 00:18:09'),
	(289, 14, NULL, '3º Nivel - Farmacia Jefatura', 34, 162, '03-531-04961', 'EPSON', 'M188A TM-U220PA ', '', NULL, NULL, NULL, NULL, NULL, NULL, NULL, NULL, NULL, NULL, NULL, NULL, NULL, NULL, '2016-10-13', '2017-10-13', 1, '', '2018-06-27 00:18:09', '2018-06-27 00:18:09'),
	(290, 12, NULL, '3º Nivel - Farmacia Jefatura', 34, 162, '03-531-03618', 'LEXMARK ', 'E260dn', '72LNKR1', NULL, NULL, NULL, NULL, NULL, NULL, NULL, NULL, NULL, NULL, NULL, NULL, NULL, NULL, '2011-10-18', '2014-10-18', 2, '', '2018-06-27 00:18:09', '2018-06-27 00:18:09');
/*!40000 ALTER TABLE `equipment` ENABLE KEYS */;

-- Volcando estructura para tabla inventario_informatico.equipmentypes
CREATE TABLE IF NOT EXISTS `equipmentypes` (
  `id` int(10) unsigned NOT NULL AUTO_INCREMENT,
  `nombre` varchar(191) COLLATE utf8mb4_unicode_ci NOT NULL,
  `created_at` timestamp NULL DEFAULT CURRENT_TIMESTAMP,
  `updated_at` timestamp NULL DEFAULT CURRENT_TIMESTAMP,
  PRIMARY KEY (`id`)
) ENGINE=InnoDB AUTO_INCREMENT=15 DEFAULT CHARSET=utf8mb4 COLLATE=utf8mb4_unicode_ci;

-- Volcando datos para la tabla inventario_informatico.equipmentypes: ~14 rows (aproximadamente)
DELETE FROM `equipmentypes`;
/*!40000 ALTER TABLE `equipmentypes` DISABLE KEYS */;
INSERT INTO `equipmentypes` (`id`, `nombre`, `created_at`, `updated_at`) VALUES
	(1, 'Computadora de Escritorio', '2018-06-26 16:25:22', '2018-06-26 16:25:22'),
	(2, 'Laptop', '2018-06-26 16:25:22', '2018-06-26 16:25:22'),
	(3, 'Scanner', '2018-06-26 16:25:22', '2018-06-26 16:25:22'),
	(4, 'Monitor', '2018-06-26 16:25:22', '2018-06-26 16:25:22'),
	(5, 'Raton', '2018-06-26 16:25:22', '2018-06-26 16:25:22'),
	(6, 'Impresor Matricial Carro Angosto 9 Pines', '2018-06-26 16:25:22', '2018-06-26 16:25:22'),
	(7, 'UPS', '2018-06-26 16:25:22', '2018-06-26 16:25:22'),
	(8, 'Proyector', '2018-06-26 16:25:22', '2018-06-26 16:25:22'),
	(10, 'Teclado', '2018-06-26 16:25:22', '2018-06-26 16:25:22'),
	(11, 'Cañon de Proyeccion', '2018-06-26 16:25:22', '2018-06-26 16:25:22'),
	(12, 'Impresor Laser', '2018-06-26 16:25:22', '2018-06-26 16:25:22'),
	(13, 'Impresor de Inyección de Tinta', '2018-06-26 16:25:22', '2018-06-26 16:25:22'),
	(14, 'Impresor de Tickets', '2018-06-26 16:25:22', '2018-06-26 16:25:22');
/*!40000 ALTER TABLE `equipmentypes` ENABLE KEYS */;

-- Volcando estructura para tabla inventario_informatico.estates
CREATE TABLE IF NOT EXISTS `estates` (
  `id` int(10) unsigned NOT NULL AUTO_INCREMENT,
  `nombre` varchar(191) COLLATE utf8mb4_unicode_ci NOT NULL,
  `created_at` timestamp NULL DEFAULT CURRENT_TIMESTAMP,
  `updated_at` timestamp NULL DEFAULT CURRENT_TIMESTAMP,
  PRIMARY KEY (`id`)
) ENGINE=InnoDB AUTO_INCREMENT=5 DEFAULT CHARSET=utf8mb4 COLLATE=utf8mb4_unicode_ci;

-- Volcando datos para la tabla inventario_informatico.estates: ~4 rows (aproximadamente)
DELETE FROM `estates`;
/*!40000 ALTER TABLE `estates` DISABLE KEYS */;
INSERT INTO `estates` (`id`, `nombre`, `created_at`, `updated_at`) VALUES
	(1, 'Optimo', '2018-06-26 16:38:48', '2018-06-26 16:38:48'),
	(2, 'Bueno', '2018-06-26 16:38:49', '2018-06-26 16:38:49'),
	(3, 'Regular', '2018-06-26 16:38:49', '2018-06-26 16:38:49'),
	(4, 'Dañado', '2018-06-26 16:38:49', '2018-06-26 16:38:49');
/*!40000 ALTER TABLE `estates` ENABLE KEYS */;

-- Volcando estructura para tabla inventario_informatico.marcas
CREATE TABLE IF NOT EXISTS `marcas` (
  `id` int(10) unsigned NOT NULL AUTO_INCREMENT,
  `nombre` varchar(191) COLLATE utf8mb4_unicode_ci NOT NULL,
  `created_at` timestamp NULL DEFAULT NULL,
  `updated_at` timestamp NULL DEFAULT NULL,
  PRIMARY KEY (`id`)
) ENGINE=InnoDB AUTO_INCREMENT=4 DEFAULT CHARSET=utf8mb4 COLLATE=utf8mb4_unicode_ci;

-- Volcando datos para la tabla inventario_informatico.marcas: ~3 rows (aproximadamente)
DELETE FROM `marcas`;
/*!40000 ALTER TABLE `marcas` DISABLE KEYS */;
INSERT INTO `marcas` (`id`, `nombre`, `created_at`, `updated_at`) VALUES
	(1, 'DELL', '2018-06-18 01:02:02', '2018-06-18 01:02:03'),
	(2, 'HP', '2018-06-18 01:02:10', '2018-06-18 01:02:11'),
	(3, 'EPSON', '2018-06-18 01:02:17', '2018-06-18 01:02:18');
/*!40000 ALTER TABLE `marcas` ENABLE KEYS */;

-- Volcando estructura para tabla inventario_informatico.migrations
CREATE TABLE IF NOT EXISTS `migrations` (
  `id` int(10) unsigned NOT NULL AUTO_INCREMENT,
  `migration` varchar(191) COLLATE utf8mb4_unicode_ci NOT NULL,
  `batch` int(11) NOT NULL,
  PRIMARY KEY (`id`)
) ENGINE=InnoDB AUTO_INCREMENT=15 DEFAULT CHARSET=utf8mb4 COLLATE=utf8mb4_unicode_ci;

-- Volcando datos para la tabla inventario_informatico.migrations: ~10 rows (aproximadamente)
DELETE FROM `migrations`;
/*!40000 ALTER TABLE `migrations` DISABLE KEYS */;
INSERT INTO `migrations` (`id`, `migration`, `batch`) VALUES
	(1, '2014_10_12_000000_create_users_table', 1),
	(2, '2014_10_12_100000_create_password_resets_table', 1),
	(3, '2018_06_12_072920_create_departments_table', 1),
	(4, '2018_06_16_000610_create_equipmentypes_table', 2),
	(5, '2018_06_16_000728_create_miusers_table', 2),
	(6, '2018_06_16_012438_create_direccions_table', 2),
	(7, '2018_06_16_012457_create_domains_table', 2),
	(8, '2018_06_16_012513_create_estates_table', 2),
	(9, '2018_06_16_012527_create_marcas_table', 2),
	(10, '2018_06_16_012540_create_perifericos_table', 2),
	(11, '2018_06_17_183942_create_nivels_table', 3),
	(12, '2018_06_17_184845_create_equipment_table', 3),
	(13, '2018_06_19_175928_create_services_table', 4),
	(14, '2018_06_19_175956_create_bitacoras_table', 5);
/*!40000 ALTER TABLE `migrations` ENABLE KEYS */;

-- Volcando estructura para tabla inventario_informatico.miusers
CREATE TABLE IF NOT EXISTS `miusers` (
  `id` int(10) unsigned NOT NULL AUTO_INCREMENT,
  `nombre` varchar(191) COLLATE utf8mb4_unicode_ci NOT NULL,
  `id_department` int(10) unsigned NOT NULL,
  `telefono` varchar(50) COLLATE utf8mb4_unicode_ci DEFAULT NULL,
  `created_at` timestamp NULL DEFAULT CURRENT_TIMESTAMP,
  `updated_at` timestamp NULL DEFAULT CURRENT_TIMESTAMP,
  PRIMARY KEY (`id`),
  KEY `miusers_id_department_foreign` (`id_department`),
  CONSTRAINT `miusers_id_department_foreign` FOREIGN KEY (`id_department`) REFERENCES `departments` (`id`)
) ENGINE=InnoDB AUTO_INCREMENT=202 DEFAULT CHARSET=utf8mb4 COLLATE=utf8mb4_unicode_ci;

-- Volcando datos para la tabla inventario_informatico.miusers: ~188 rows (aproximadamente)
DELETE FROM `miusers`;
/*!40000 ALTER TABLE `miusers` DISABLE KEYS */;
INSERT INTO `miusers` (`id`, `nombre`, `id_department`, `telefono`, `created_at`, `updated_at`) VALUES
	(6, 'Lic. Rudy Ortiz', 13, '2285-8574', '2018-06-26 16:32:45', '2018-06-26 16:32:45'),
	(7, 'Norma de Melara', 13, '2285-9685', '2018-06-26 16:32:45', '2018-06-26 16:32:45'),
	(8, 'Dr. Rubén Montufar', 14, '2222-2285', '2018-06-26 16:32:45', '2018-06-26 16:32:45'),
	(10, 'Lic. Rosa Guadalupe Sanchez', 15, '2285-9685', '2018-06-26 16:32:45', '2018-06-26 16:32:45'),
	(11, 'María Antonia Contreras', 13, '2285-9685', '2018-06-26 16:32:45', '2018-06-26 16:32:45'),
	(12, 'Morena Pidena', 13, '2285-9685', '2018-06-26 16:32:45', '2018-06-26 16:32:45'),
	(13, 'Dr. César Romero', 13, '2585-9685', '2018-06-26 16:32:45', '2018-06-26 16:32:45'),
	(14, 'Dra. Carmen Choto de Machado', 13, '7485-8574', '2018-06-26 16:32:45', '2018-06-26 16:32:45'),
	(15, 'Dra. Dione Ramos', 13, '2585-9685', '2018-06-26 16:32:45', '2018-06-26 16:32:45'),
	(16, 'Evelyn Herrera', 40, '2591-4615', '2018-06-26 16:32:45', '2018-06-26 16:32:45'),
	(17, 'Licda. Sandra Martinez', 13, '2591-4572', '2018-06-26 16:32:45', '2018-06-26 16:32:45'),
	(18, 'Licda. Sandra Martinez', 17, '2591-4572', '2018-06-26 16:32:45', '2018-06-26 16:32:45'),
	(19, 'Dra. Iyali Quintanilla', 13, '2591-4581', '2018-06-26 16:32:45', '2018-06-26 16:32:45'),
	(20, 'Dr. Pedro Calderón', 13, '2591-4616', '2018-06-26 16:32:45', '2018-06-26 16:32:45'),
	(21, 'Verónica Figueroa', 17, '2591-4578', '2018-06-26 16:32:45', '2018-06-26 16:32:45'),
	(22, 'Dr. Luis Roberto Yánez', 17, '2591-4578', '2018-06-26 16:32:45', '2018-06-26 16:32:45'),
	(23, 'Dr. Oscar Avelar', 17, '2591-4578', '2018-06-26 16:32:45', '2018-06-26 16:32:45'),
	(24, 'Dr. José Fernando Ayala', 17, '2591-4578', '2018-06-26 16:32:45', '2018-06-26 16:32:45'),
	(25, 'Dra. Jenny Solano', 17, '2591-4578', '2018-06-26 16:32:45', '2018-06-26 16:32:45'),
	(26, 'Alma Granados', 14, '2591-4580', '2018-06-26 16:32:45', '2018-06-26 16:32:45'),
	(27, 'Dr. Denis Flores', 14, '2591-4580', '2018-06-26 16:32:45', '2018-06-26 16:32:45'),
	(28, 'Dra. Claudia Castellanos de Bará', 14, '2591-4580', '2018-06-26 16:32:45', '2018-06-26 16:32:45'),
	(29, 'Dr. Roberto Ivan Acosta', 14, '2591-4580', '2018-06-26 16:32:45', '2018-06-26 16:32:45'),
	(30, 'Raúl Arias', 18, '2591-4581', '2018-06-26 16:32:45', '2018-06-26 16:32:45'),
	(31, 'Sara Raquel Arias', 18, '2591-4581', '2018-06-26 16:32:45', '2018-06-26 16:32:45'),
	(32, 'Dra. Karla Alfaro', 18, '2591-4581', '2018-06-26 16:32:45', '2018-06-26 16:32:45'),
	(33, 'Dr. Omar Callejas', 18, '2591-4581', '2018-06-26 16:32:45', '2018-06-26 16:32:45'),
	(34, 'Lic. Sandra Martinez', 13, '2591-4572', '2018-06-26 16:32:45', '2018-06-26 16:32:45'),
	(35, 'Enf. Morena Pineda', 13, '2591-4590', '2018-06-26 16:32:45', '2018-06-26 16:32:45'),
	(36, 'Dra iyali quintanilla', 13, '2591-4590', '2018-06-26 16:32:45', '2018-06-26 16:32:45'),
	(37, 'Dra. Larissa Escalante', 18, '2591-4581', '2018-06-26 16:32:45', '2018-06-26 16:32:45'),
	(38, 'Dr. Rafael Castro', 18, '2591-4581', '2018-06-26 16:32:45', '2018-06-26 16:32:45'),
	(39, 'Dr. Odulio Barrientos', 18, '2591-4581', '2018-06-26 16:32:45', '2018-06-26 16:32:45'),
	(40, 'Dra. Alcyra Merino', 18, '2591-4581', '2018-06-26 16:32:45', '2018-06-26 16:32:45'),
	(41, 'Dra. Roxana Inglés', 19, '2591-4507', '2018-06-26 16:32:45', '2018-06-26 16:32:45'),
	(42, 'Dr. Haroldo Pineda', 12, '2591-4509', '2018-06-26 16:32:45', '2018-06-26 16:32:45'),
	(43, 'Mirian Hernández', 19, '2591-4501', '2018-06-26 16:32:45', '2018-06-26 16:32:45'),
	(44, 'Guadalupe García de Melara', 19, '2591-4502', '2018-06-26 16:32:45', '2018-06-26 16:32:45'),
	(45, 'Reina Chávez', 19, '2591-4594', '2018-06-26 16:32:45', '2018-06-26 16:32:45'),
	(46, 'Enf. sara perez', 12, '2591-4577', '2018-06-26 16:32:45', '2018-06-26 16:32:45'),
	(47, 'Lic. Carlos Velasco', 21, '2591-4506', '2018-06-26 16:32:45', '2018-06-26 16:32:45'),
	(48, 'Maria del Carmen Monico de Flores', 21, '2591-4504', '2018-06-26 16:32:45', '2018-06-26 16:32:45'),
	(49, 'Licda. Gladys de Portillo', 21, '2591-4586', '2018-06-26 16:32:45', '2018-06-26 16:32:45'),
	(50, 'Licda. Glenda Fuentes', 21, '2591-4592', '2018-06-26 16:32:45', '2018-06-26 16:32:45'),
	(51, 'Fernando Ayala', 21, '2591-4586', '2018-06-26 16:32:45', '2018-06-26 16:32:45'),
	(52, 'José Rigoberto Cardoza', 21, '2591-4597', '2018-06-26 16:32:45', '2018-06-26 16:32:45'),
	(53, 'Licda. Ana Elvira de Guardado', 21, '2591-4592', '2018-06-26 16:32:45', '2018-06-26 16:32:45'),
	(54, 'Sandra Guevara', 22, '2591-4525', '2018-06-26 16:32:45', '2018-06-26 16:32:45'),
	(55, 'Licda. Nora Elizabeth Colocho', 23, '2591-4579', '2018-06-26 16:32:45', '2018-06-26 16:32:45'),
	(56, 'Ana Alicia Quezada', 23, '2591-4589', '2018-06-26 16:32:45', '2018-06-26 16:32:45'),
	(57, 'Licda. Melany E. Carlos', 23, '2591-4589', '2018-06-26 16:32:45', '2018-06-26 16:32:45'),
	(58, 'Marina Elizabeth Varela', 23, '2591-4593', '2018-06-26 16:32:45', '2018-06-26 16:32:45'),
	(59, 'Marcela Melara', 15, '2591-4584', '2018-06-26 16:32:45', '2018-06-26 16:32:45'),
	(60, 'Licda. Silvana Saca', 15, '2591-4592', '2018-06-26 16:32:45', '2018-06-26 16:32:45'),
	(61, 'Licda. Celia García', 12, '2591-4587', '2018-06-26 16:32:45', '2018-06-26 16:32:45'),
	(62, 'Dr. José Max Molina', 12, '2591-4587', '2018-06-26 16:32:45', '2018-06-26 16:32:45'),
	(63, 'Elsa Adela Vásquez de Buendía', 12, '2591-4583', '2018-06-26 16:32:45', '2018-06-26 16:32:45'),
	(64, 'Licda. Xochilt Portillo', 15, '2591-4584', '2018-06-26 16:32:45', '2018-06-26 16:32:45'),
	(65, 'Cecilia Arias', 12, '2591-4577', '2018-06-26 16:32:45', '2018-06-26 16:32:45'),
	(66, 'Enf. Karen Alvarado de Cuchilla', 12, '2591-4585', '2018-06-26 16:32:45', '2018-06-26 16:32:45'),
	(67, 'Juana Irma Durán', 25, '2591-4591', '2018-06-26 16:32:45', '2018-06-26 16:32:45'),
	(68, 'Dr. José Fernández', 25, '2591-4591', '2018-06-26 16:32:45', '2018-06-26 16:32:45'),
	(69, 'Dr. José Chang Calero', 25, '2591-4591', '2018-06-26 16:32:45', '2018-06-26 16:32:45'),
	(70, 'Dra. Norma Sánchez', 25, '2591-4591', '2018-06-26 16:32:45', '2018-06-26 16:32:45'),
	(71, 'Dra. Rosa Alvarenga (Endo.)', 25, '2591-4577', '2018-06-26 16:32:45', '2018-06-26 16:32:45'),
	(73, 'Lic. López (Psicóloga)', 25, '2591-4590', '2018-06-26 16:32:45', '2018-06-26 16:32:45'),
	(74, 'Maritza Aquino', 26, '2591-4576', '2018-06-26 16:32:45', '2018-06-26 16:32:45'),
	(75, 'Dr. Osman Miranda', 27, '2591-4576', '2018-06-26 16:32:45', '2018-06-26 16:32:45'),
	(76, 'Dr. Jesús Melara Lino', 27, '2591-4576', '2018-06-26 16:32:45', '2018-06-26 16:32:45'),
	(77, 'Dr. Medardo Saravia', 27, '2591-4576', '2018-06-26 16:32:45', '2018-06-26 16:32:45'),
	(78, 'Dr. Mardoqueo Salazar', 27, '2591-4576', '2018-06-26 16:32:45', '2018-06-26 16:32:45'),
	(79, 'Violeta Flores', 27, '2591-4590', '2018-06-26 16:32:45', '2018-06-26 16:32:45'),
	(80, 'Dr. Ovidio Solano', 27, '2591-4590', '2018-06-26 16:32:45', '2018-06-26 16:32:45'),
	(81, 'Dr. Ricardo Antonio Alvarenga', 27, '2591-4590', '2018-06-26 16:32:45', '2018-06-26 16:32:45'),
	(82, 'Dr. José Nemesio Portillo', 27, '2591-4590', '2018-06-26 16:32:45', '2018-06-26 16:32:45'),
	(83, 'Dr. Alfredo Orellana', 27, '2591-4590', '2018-06-26 16:32:45', '2018-06-26 16:32:45'),
	(84, 'Vilma Lorena Vasquez', 12, '2591-4577', '2018-06-26 16:32:45', '2018-06-26 16:32:45'),
	(85, 'Dra. Esperanza Torres', 12, '2591-4577', '2018-06-26 16:32:45', '2018-06-26 16:32:45'),
	(86, 'Dra. Ivy Ivonne Galdémez', 12, '2591-4577', '2018-06-26 16:32:45', '2018-06-26 16:32:45'),
	(87, 'Dra. Jenny Mendoza', 12, '2591-4577', '2018-06-26 16:32:45', '2018-06-26 16:32:45'),
	(88, 'Dra. Lya Sandoval', 12, '2591-4577', '2018-06-26 16:32:45', '2018-06-26 16:32:45'),
	(89, 'Dr. Mario Chacón', 12, '2591-4577', '2018-06-26 16:32:45', '2018-06-26 16:32:45'),
	(90, 'Dra. Karen Interiano', 12, '2591-4577', '2018-06-26 16:32:45', '2018-06-26 16:32:45'),
	(91, 'Lic. Sandra Yanira Martínez', 29, '2591-4552', '2018-06-26 16:32:45', '2018-06-26 16:32:45'),
	(92, 'Carmen Elena de la Rosa', 29, '2591-4552', '2018-06-26 16:32:45', '2018-06-26 16:32:45'),
	(93, 'Lic. Dina Sosa de Alfaro', 15, '2591-4554', '2018-06-26 16:32:45', '2018-06-26 16:32:45'),
	(94, 'Patricia Bernal', 29, '2591-4555', '2018-06-26 16:32:45', '2018-06-26 16:32:45'),
	(95, 'Dr. Manuel Cerna', 29, '2591-4555', '2018-06-26 16:32:45', '2018-06-26 16:32:45'),
	(96, 'Dr. Rogelio Chávez', 29, '2591-4555', '2018-06-26 16:32:45', '2018-06-26 16:32:45'),
	(97, 'Dr. Federico López Beltrán', 29, '2591-4555', '2018-06-26 16:32:45', '2018-06-26 16:32:45'),
	(98, 'Dra. Karla Ivonne de Villeda', 29, '2591-4555', '2018-06-26 16:32:45', '2018-06-26 16:32:45'),
	(99, 'Dra. Evelyn Hughes', 29, '2591-4555', '2018-06-26 16:32:45', '2018-06-26 16:32:45'),
	(100, 'Dr. Miguel Stanley Candray', 29, '2591-4555', '2018-06-26 16:32:45', '2018-06-26 16:32:45'),
	(101, 'Dra. Guadalupe Morales', 29, '2591-4555', '2018-06-26 16:32:45', '2018-06-26 16:32:45'),
	(102, 'Dra. Katy Cisneros', 29, '2591-4555', '2018-06-26 16:32:45', '2018-06-26 16:32:45'),
	(103, 'Dra. Rubia Aida Ramírez', 29, '2591-4555', '2018-06-26 16:32:45', '2018-06-26 16:32:45'),
	(104, 'Lic. Dina Ester Hernández', 29, '2591-4555', '2018-06-26 16:32:45', '2018-06-26 16:32:45'),
	(105, 'Lilian Ortega', 29, '2591-4555', '2018-06-26 16:32:45', '2018-06-26 16:32:45'),
	(106, 'Estela León', 29, '2591-4628', '2018-06-26 16:32:45', '2018-06-26 16:32:45'),
	(107, 'Dr. Abraham Castro Mendoza', 29, '2591-4555', '2018-06-26 16:32:45', '2018-06-26 16:32:45'),
	(108, 'Maritza Canales', 29, '2591-4555', '2018-06-26 16:32:45', '2018-06-26 16:32:45'),
	(109, 'Alma Hidalgo', 29, '2591-4555', '2018-06-26 16:32:45', '2018-06-26 16:32:45'),
	(110, 'Enrique Ayala', 29, '2591-4555', '2018-06-26 16:32:45', '2018-06-26 16:32:45'),
	(111, 'Dr. Jose Flores', 29, '2591-4558', '2018-06-26 16:32:45', '2018-06-26 16:32:45'),
	(112, 'Lic. Carlos Legle', 30, '2591-4602', '2018-06-26 16:32:45', '2018-06-26 16:32:45'),
	(113, 'Delmy Celina Corvera de Solis', 30, '2591-4602', '2018-06-26 16:32:45', '2018-06-26 16:32:45'),
	(114, 'Dr. José Roberto Corvera', 30, '2591-4602', '2018-06-26 16:32:45', '2018-06-26 16:32:45'),
	(115, 'Patricia Ortiz', 30, '2591-4561', '2018-06-26 16:32:45', '2018-06-26 16:32:45'),
	(116, 'Nelly de Ponce', 30, '2591-4561', '2018-06-26 16:32:45', '2018-06-26 16:32:45'),
	(117, 'Carlos Alberto Polanco', 30, '2591-4561', '2018-06-26 16:32:45', '2018-06-26 16:32:45'),
	(118, 'Dinora Romero', 30, '2591-4561', '2018-06-26 16:32:45', '2018-06-26 16:32:45'),
	(119, 'Gloria Vásquez', 30, '2591-4561', '2018-06-26 16:32:45', '2018-06-26 16:32:45'),
	(120, 'Lic. Guadalupe Cabrera', 31, '2591-4569', '2018-06-26 16:32:45', '2018-06-26 16:32:45'),
	(121, 'Nelly del Transito Gómez', 31, '2591-4556', '2018-06-26 16:32:45', '2018-06-26 16:32:45'),
	(122, 'Dr. Alfredo Cruz, Cardiología', 18, '2591-4562', '2018-06-26 16:32:45', '2018-06-26 16:32:45'),
	(123, 'Dr. Alex Fuentes, Urología', 15, '2591-4571', '2018-06-26 16:32:45', '2018-06-26 16:32:45'),
	(124, 'Dr. Ricardo Patiño, Otorrino', 18, '2591-4563', '2018-06-26 16:32:45', '2018-06-26 16:32:45'),
	(125, 'Lic. Alba Figueroa', 15, '2591-4570', '2018-06-26 16:32:45', '2018-06-26 16:32:45'),
	(126, 'Ana Daysi Salguero', 31, '2591-4556', '2018-06-26 16:32:45', '2018-06-26 16:32:45'),
	(128, 'Ana Daysi Salguero', 15, '2591-4556', '2018-06-26 16:32:45', '2018-06-26 16:32:45'),
	(129, 'Lic. Lucia Jirón', 19, '2591-4567', '2018-06-26 16:32:45', '2018-06-26 16:32:45'),
	(130, 'Valeri Larin', 31, '2591-4571', '2018-06-26 16:32:45', '2018-06-26 16:32:45'),
	(131, 'Ana Castro', 31, '2591-4571', '2018-06-26 16:32:45', '2018-06-26 16:32:45'),
	(132, 'Dr. Ricardo Alfaro', 31, '2591-4571', '2018-06-26 16:32:45', '2018-06-26 16:32:45'),
	(133, 'Dr. William Ramos Vega', 31, '2591-4571', '2018-06-26 16:32:45', '2018-06-26 16:32:45'),
	(134, 'Dr. Angel Guerra', 31, '2591-4571', '2018-06-26 16:32:45', '2018-06-26 16:32:45'),
	(135, 'Dr. Carlos Rebollo', 31, '2591-4571', '2018-06-26 16:32:45', '2018-06-26 16:32:45'),
	(136, 'Dr. Odir Martínez Rubio', 31, '2591-4571', '2018-06-26 16:32:45', '2018-06-26 16:32:45'),
	(137, 'Dr. Samuel Merino', 18, '2591-4562', '2018-06-26 16:32:45', '2018-06-26 16:32:45'),
	(138, 'Dr. César García Paz', 33, '2591-4563', '2018-06-26 16:32:45', '2018-06-26 16:32:45'),
	(139, 'Dr. Ernesto Cáceres', 33, '2591-4566', '2018-06-26 16:32:45', '2018-06-26 16:32:45'),
	(140, 'Dr. Carlos Argueta', 33, '2591-4566', '2018-06-26 16:32:45', '2018-06-26 16:32:45'),
	(141, 'Dr. Walter Salinas', 33, '2591-4566', '2018-06-26 16:32:45', '2018-06-26 16:32:45'),
	(142, 'Dr. José Villeda', 33, '2591-4566', '2018-06-26 16:32:45', '2018-06-26 16:32:45'),
	(143, 'Dr. Angel Ramos', 33, '2591-4566', '2018-06-26 16:32:45', '2018-06-26 16:32:45'),
	(144, 'Dr. Arturo Moreno', 18, '2591-4562', '2018-06-26 16:32:45', '2018-06-26 16:32:45'),
	(145, 'Dr. Mauricio Contreras', 18, '2591-4562', '2018-06-26 16:32:45', '2018-06-26 16:32:45'),
	(146, 'Dr. Juan Castro', 18, '2591-4562', '2018-06-26 16:32:45', '2018-06-26 16:32:45'),
	(147, 'Dr. Oscar Martínez Lazo', 18, '2591-4562', '2018-06-26 16:32:45', '2018-06-26 16:32:45'),
	(148, 'Dra. Ana D. Villanueva', 18, '2591-4562', '2018-06-26 16:32:45', '2018-06-26 16:32:45'),
	(149, 'Concepción López', 33, '2591-4566', '2018-06-26 16:32:45', '2018-06-26 16:32:45'),
	(150, 'Brizeyda Aguirre', 33, '2591-4566', '2018-06-26 16:32:45', '2018-06-26 16:32:45'),
	(151, 'Rosa María Penado de Rivas', 13, '2591-4565', '2018-06-26 16:32:45', '2018-06-26 16:32:45'),
	(152, 'Dr. Noyola', 13, '2591-4565', '2018-06-26 16:32:45', '2018-06-26 16:32:45'),
	(153, 'Lic. Yanet Portillo', 13, '2591-4567', '2018-06-26 16:32:45', '2018-06-26 16:32:45'),
	(154, 'Yanira Diaz', 33, '2591-4566', '2018-06-26 16:32:45', '2018-06-26 16:32:45'),
	(155, 'Dra. Liliana Choto', 13, '2591-4567', '2018-06-26 16:32:45', '2018-06-26 16:32:45'),
	(157, 'Lidia Lovo', 31, '2591-4571', '2018-06-26 16:32:45', '2018-06-26 16:32:45'),
	(158, 'Ileana Palacios', 21, '2591-4530', '2018-06-26 16:32:45', '2018-06-26 16:32:45'),
	(159, 'Cesar Flores', 21, '2591-4530', '2018-06-26 16:32:45', '2018-06-26 16:32:45'),
	(160, 'Jose Escobar', 21, '2591-4530', '2018-06-26 16:32:45', '2018-06-26 16:32:45'),
	(161, 'Victor Campos', 21, '2591-4530', '2018-06-26 16:32:45', '2018-06-26 16:32:45'),
	(162, 'Lic. Elizabeth Varela', 34, '2591-4549', '2018-06-26 16:32:45', '2018-06-26 16:32:45'),
	(163, 'Brenda Nathali Rodriguez', 34, '2591-4549', '2018-06-26 16:32:45', '2018-06-26 16:32:45'),
	(164, 'Colaboradores de Farmacia', 34, '2591-4529', '2018-06-26 16:32:45', '2018-06-26 16:32:45'),
	(165, 'Ofelia Marleni Calvío', 34, '2591-4549', '2018-06-26 16:32:45', '2018-06-26 16:32:45'),
	(166, 'Lic. Palomo', 34, '2591-4611', '2018-06-26 16:32:45', '2018-06-26 16:32:45'),
	(167, 'Fredy Alexander Rogel', 34, '2591-4529', '2018-06-26 16:32:45', '2018-06-26 16:32:45'),
	(168, 'José Luis Pérez', 37, '2591-4529', '2018-06-26 16:32:45', '2018-06-26 16:32:45'),
	(169, 'Lic. Antonia Varela', 34, '2591-4529', '2018-06-26 16:32:45', '2018-06-26 16:32:45'),
	(170, 'Encargado de Bodega', 34, '2591-4529', '2018-06-26 16:32:45', '2018-06-26 16:32:45'),
	(171, 'Lic. Telma Luz Vega', 34, '2591-4529', '2018-06-26 16:32:45', '2018-06-26 16:32:45'),
	(172, 'Lic. Lady Cruz', 34, '2591-4529', '2018-06-26 16:32:45', '2018-06-26 16:32:45'),
	(173, 'Lic. Tránsito Montano', 34, '2591-4529', '2018-06-26 16:32:45', '2018-06-26 16:32:45'),
	(174, 'Lic. Claudia Espinoza', 34, '2591-4529', '2018-06-26 16:32:45', '2018-06-26 16:32:45'),
	(175, 'Karen Romero', 34, '2591-4529', '2018-06-26 16:32:45', '2018-06-26 16:32:45'),
	(176, 'Wilfredo Alemán', 34, '2591-4529', '2018-06-26 16:32:45', '2018-06-26 16:32:45'),
	(177, 'Silvia Quezada', 34, '2591-4529', '2018-06-26 16:32:45', '2018-06-26 16:32:45'),
	(178, 'Luis Cruz', 34, '2591-4529', '2018-06-26 16:32:45', '2018-06-26 16:32:45'),
	(179, 'Glenda Argueta', 34, '2591-4529', '2018-06-26 16:32:45', '2018-06-26 16:32:45'),
	(180, 'David Orellana', 34, '2591-4529', '2018-06-26 16:32:45', '2018-06-26 16:32:45'),
	(181, 'Carlos Murcia', 34, '2591-4529', '2018-06-26 16:32:45', '2018-06-26 16:32:45'),
	(182, 'Jorge Callejas', 34, '2591-4529', '2018-06-26 16:32:45', '2018-06-26 16:32:45'),
	(183, 'Jorge Lizama', 34, '2591-4529', '2018-06-26 16:32:45', '2018-06-26 16:32:45'),
	(184, 'Sara Lidia Vega', 34, '2591-4529', '2018-06-26 16:32:45', '2018-06-26 16:32:45'),
	(185, 'Lic. Claudia María Pérez', 34, '2591-4529', '2018-06-26 16:32:45', '2018-06-26 16:32:45'),
	(186, 'Claudia Panameño', 27, '2591-4545', '2018-06-26 16:32:45', '2018-06-26 16:32:45'),
	(187, 'Dra. Romy de Escobar', 27, '2591-4545', '2018-06-26 16:32:45', '2018-06-26 16:32:45'),
	(188, 'Dra. Wendy Sanchez', 27, '2591-4545', '2018-06-26 16:32:45', '2018-06-26 16:32:45'),
	(189, 'Dr. Haroldo Pineda', 19, '2591-4519', '2018-06-26 16:32:45', '2018-06-26 16:32:45'),
	(191, 'Dr. Harold Pineda', 19, '2591-4509', '2018-06-26 16:32:45', '2018-06-26 16:32:45'),
	(192, 'Jorge  vasquez', 38, '2591-4500', '2018-06-26 16:32:45', '2018-06-26 16:32:45'),
	(196, 'Claudia Méndez', 13, '2591-4575', '2018-06-26 16:32:45', '2018-06-26 16:32:45'),
	(197, 'Dr.Linares', 17, '2591-4578', '2018-06-26 16:32:45', '2018-06-26 16:32:45'),
	(198, 'Arias Clavel', 17, '2591-4578', '2018-06-26 16:32:45', '2018-06-26 16:32:45'),
	(199, 'Sonia Najarro', 13, '2591-4581', '2018-06-26 16:32:45', '2018-06-26 16:32:45'),
	(200, 'Alma Hidalgo', 30, '2591-4568', '2018-06-26 16:32:45', '2018-06-26 16:32:45'),
	(201, 'Lic. Alba Yanira Paz', 18, '2591-4546', '2018-06-26 16:32:45', '2018-06-26 16:32:45');
/*!40000 ALTER TABLE `miusers` ENABLE KEYS */;

-- Volcando estructura para tabla inventario_informatico.nivels
CREATE TABLE IF NOT EXISTS `nivels` (
  `id` int(10) unsigned NOT NULL AUTO_INCREMENT,
  `nombre` varchar(191) COLLATE utf8mb4_unicode_ci NOT NULL,
  `created_at` timestamp NULL DEFAULT NULL,
  `updated_at` timestamp NULL DEFAULT NULL,
  PRIMARY KEY (`id`)
) ENGINE=InnoDB AUTO_INCREMENT=21 DEFAULT CHARSET=utf8mb4 COLLATE=utf8mb4_unicode_ci;

-- Volcando datos para la tabla inventario_informatico.nivels: ~18 rows (aproximadamente)
DELETE FROM `nivels`;
/*!40000 ALTER TABLE `nivels` DISABLE KEYS */;
INSERT INTO `nivels` (`id`, `nombre`, `created_at`, `updated_at`) VALUES
	(1, '7 Nivel - Consulta Externa', '2018-06-18 01:04:58', '2018-06-18 01:04:59'),
	(2, '6 Nivel - Administrativo', '2018-06-18 01:05:13', '2018-06-18 01:05:14'),
	(3, '6 Nivel - Consulta Externa', '2018-06-18 01:05:27', '2018-06-18 01:05:28'),
	(4, '5 Nivel - Consulta Externa', '2018-06-18 01:05:43', '2018-06-18 01:05:44'),
	(5, '5 Nivel - Rayos X', '2018-06-18 01:05:57', '2018-06-18 01:05:58'),
	(6, '4 Nivel - Consulta Externa', '2018-06-18 01:06:08', '2018-06-18 01:06:09'),
	(7, '4 Nivel - Procedimientos', '2018-06-18 01:06:18', '2018-06-18 01:06:20'),
	(8, '3 Nivel - Punto Seguro', '2018-06-18 01:04:58', '2018-06-18 01:06:32'),
	(9, '3 Nivel - Farmacia', '2018-06-18 01:07:05', '2018-06-18 01:07:06'),
	(10, '3 Nivel - Procedimientos', '2018-06-18 01:07:18', '2018-06-18 01:07:19'),
	(11, '2 Nivel - Laboratorio Clínico', '2018-06-18 01:07:30', '2018-06-18 01:07:31'),
	(12, '2 Nivel - Procedimientos', '2018-06-18 01:07:45', '2018-06-18 01:07:46'),
	(13, '1 Nivel - Bodega de Laboratorio Clínico', '2018-06-18 01:08:15', '2018-06-18 01:08:16'),
	(14, '1 Nivel - Almacén de Artículos Generales e Insumos', '2018-06-18 01:08:27', '2018-06-18 01:08:28'),
	(15, '1 Nivel - Central de Esterilización', '2018-06-18 01:08:39', '2018-06-18 01:08:39'),
	(16, '1 Nivel - Servicios Generales', '2018-06-18 01:08:49', '2018-06-18 01:08:50'),
	(17, '1 Nivel - Archivo Clínico', '2018-06-18 01:08:59', '2018-06-18 01:09:00'),
	(18, '1 Nivel - Mantenimiento', '2018-06-18 01:09:09', '2018-06-18 01:09:10'),
	(19, '1 Nivel - Informática', '2018-06-18 01:09:18', '2018-06-18 01:09:19'),
	(20, '7 Nivel -Administrativo', '2018-06-18 01:09:27', '2018-06-18 01:09:28');
/*!40000 ALTER TABLE `nivels` ENABLE KEYS */;

-- Volcando estructura para tabla inventario_informatico.password_resets
CREATE TABLE IF NOT EXISTS `password_resets` (
  `email` varchar(191) COLLATE utf8mb4_unicode_ci NOT NULL,
  `token` varchar(191) COLLATE utf8mb4_unicode_ci NOT NULL,
  `created_at` timestamp NULL DEFAULT NULL,
  KEY `password_resets_email_index` (`email`)
) ENGINE=InnoDB DEFAULT CHARSET=utf8mb4 COLLATE=utf8mb4_unicode_ci;

-- Volcando datos para la tabla inventario_informatico.password_resets: ~0 rows (aproximadamente)
DELETE FROM `password_resets`;
/*!40000 ALTER TABLE `password_resets` DISABLE KEYS */;
/*!40000 ALTER TABLE `password_resets` ENABLE KEYS */;

-- Volcando estructura para tabla inventario_informatico.perifericos
CREATE TABLE IF NOT EXISTS `perifericos` (
  `id` int(10) unsigned NOT NULL AUTO_INCREMENT,
  `nombre` varchar(191) COLLATE utf8mb4_unicode_ci NOT NULL,
  `created_at` timestamp NULL DEFAULT NULL,
  `updated_at` timestamp NULL DEFAULT NULL,
  PRIMARY KEY (`id`)
) ENGINE=InnoDB AUTO_INCREMENT=3 DEFAULT CHARSET=utf8mb4 COLLATE=utf8mb4_unicode_ci;

-- Volcando datos para la tabla inventario_informatico.perifericos: ~2 rows (aproximadamente)
DELETE FROM `perifericos`;
/*!40000 ALTER TABLE `perifericos` DISABLE KEYS */;
INSERT INTO `perifericos` (`id`, `nombre`, `created_at`, `updated_at`) VALUES
	(1, 'CD', '2018-06-18 01:09:52', '2018-06-18 01:09:53'),
	(2, 'DVD', '2018-06-18 01:09:57', '2018-06-18 01:09:58');
/*!40000 ALTER TABLE `perifericos` ENABLE KEYS */;

-- Volcando estructura para tabla inventario_informatico.services
CREATE TABLE IF NOT EXISTS `services` (
  `id` int(10) unsigned NOT NULL AUTO_INCREMENT,
  `nombre` varchar(191) COLLATE utf8mb4_unicode_ci NOT NULL,
  `created_at` timestamp NULL DEFAULT CURRENT_TIMESTAMP,
  `updated_at` timestamp NULL DEFAULT CURRENT_TIMESTAMP,
  PRIMARY KEY (`id`)
) ENGINE=InnoDB AUTO_INCREMENT=7 DEFAULT CHARSET=utf8mb4 COLLATE=utf8mb4_unicode_ci;

-- Volcando datos para la tabla inventario_informatico.services: ~5 rows (aproximadamente)
DELETE FROM `services`;
/*!40000 ALTER TABLE `services` DISABLE KEYS */;
INSERT INTO `services` (`id`, `nombre`, `created_at`, `updated_at`) VALUES
	(1, 'Software', '2018-06-26 16:27:53', '2018-06-26 16:27:53'),
	(2, 'Hardware', '2018-06-26 16:27:53', '2018-06-26 16:27:53'),
	(4, 'Red', '2018-06-26 16:27:53', '2018-06-26 16:27:53'),
	(5, 'Virus', '2018-06-26 16:27:53', '2018-06-26 16:27:53'),
	(6, 'Otros', '2018-06-26 16:27:53', '2018-06-26 16:27:53');
/*!40000 ALTER TABLE `services` ENABLE KEYS */;

-- Volcando estructura para tabla inventario_informatico.users
CREATE TABLE IF NOT EXISTS `users` (
  `id` int(10) unsigned NOT NULL AUTO_INCREMENT,
  `name` varchar(191) COLLATE utf8mb4_unicode_ci NOT NULL,
  `email` varchar(191) COLLATE utf8mb4_unicode_ci NOT NULL,
  `password` varchar(191) COLLATE utf8mb4_unicode_ci NOT NULL,
  `remember_token` varchar(100) COLLATE utf8mb4_unicode_ci DEFAULT NULL,
  `created_at` timestamp NULL DEFAULT NULL,
  `updated_at` timestamp NULL DEFAULT NULL,
  PRIMARY KEY (`id`),
  UNIQUE KEY `users_email_unique` (`email`)
) ENGINE=InnoDB AUTO_INCREMENT=3 DEFAULT CHARSET=utf8mb4 COLLATE=utf8mb4_unicode_ci;

-- Volcando datos para la tabla inventario_informatico.users: ~2 rows (aproximadamente)
DELETE FROM `users`;
/*!40000 ALTER TABLE `users` DISABLE KEYS */;
INSERT INTO `users` (`id`, `name`, `email`, `password`, `remember_token`, `created_at`, `updated_at`) VALUES
	(1, 'Gerardo Orellana', 'gerard.gt2009@gmail.com', '$2y$10$lPrWJ0ytU6OPUpiN0MdxEOE4BB3q1RPI8/VMQafoFSb2kom2zLcYe', 'A4D9RrtAeZNPwmELqCMnclILj4eGSi5caRY7j7HpeFv4UOmivKtBIYvkVLY4', '2018-06-14 23:35:57', '2018-06-14 23:35:57'),
	(2, 'Sergio Leon', 'sergio.leon@isss.com.sv', '$2y$10$jFFZ..eRt1EnI6VkpRI6/utpTE/w4WtBxOxfxrD701jsXFQPyVp92', '3MAjgKeAc2bKj3w3VFBMulukjroIm4MTJK8vvyAayP1pFeno1k7gqweNIHl8', '2018-06-16 09:20:34', '2018-06-16 09:20:34');
/*!40000 ALTER TABLE `users` ENABLE KEYS */;

/*!40101 SET SQL_MODE=IFNULL(@OLD_SQL_MODE, '') */;
/*!40014 SET FOREIGN_KEY_CHECKS=IF(@OLD_FOREIGN_KEY_CHECKS IS NULL, 1, @OLD_FOREIGN_KEY_CHECKS) */;
/*!40101 SET CHARACTER_SET_CLIENT=@OLD_CHARACTER_SET_CLIENT */;
